Category,Year,Title,Venue,PDF,File
fl in top-tier journal,2024,Selective knowledge sharing for privacy-preserving federated distillation without a good teacher,Nat. Commun.,https://arxiv.org/pdf/2304.01731.pdf,AwesomeFL_PDF/fl in top-tier journal/2024_Selective knowledge sharing for privacy-preserving federated distillation without a good t.pdf
fl in top-tier journal,2023,Multi-client distributed blind quantum computation with the Qline architecture,Nat. Commun.,https://arxiv.org/pdf/2306.05195.pdf,AwesomeFL_PDF/fl in top-tier journal/2023_Multi-client distributed blind quantum computation with the Qline architecture.pdf
fl in top-tier journal,2023,Device-independent quantum randomness–enhanced zero-knowledge proof,PNAS,https://arxiv.org/pdf/2111.06717.pdf,AwesomeFL_PDF/fl in top-tier journal/2023_Device-independent quantum randomness–enhanced zero-knowledge proof.pdf
fl in top-tier journal,2023,Federated benchmarking of medical artificial intelligence with MedPerf,Nat. Mach. Intell.,https://arxiv.org/pdf/2110.01406.pdf,AwesomeFL_PDF/fl in top-tier journal/2023_Federated benchmarking of medical artificial intelligence with MedPerf.pdf
fl in top-tier journal,2023,Algorithmic fairness in artificial intelligence for medicine and healthcare,Nat. Biomed. Eng. (Perspective),https://arxiv.org/pdf/2110.00603.pdf,AwesomeFL_PDF/fl in top-tier journal/2023_Algorithmic fairness in artificial intelligence for medicine and healthcare.pdf
fl in top-tier journal,2022,Federated learning enables big data for rare cancer boundary detection,Nat. Commun.,https://arxiv.org/pdf/2204.10836.pdf,AwesomeFL_PDF/fl in top-tier journal/2022_Federated learning enables big data for rare cancer boundary detection.pdf
fl in top-tier journal,2022,Communication-efficient federated learning via knowledge distillation,Nat. Commun.,https://arxiv.org/pdf/2108.13323.pdf,AwesomeFL_PDF/fl in top-tier journal/2022_Communication-efficient federated learning via knowledge distillation.pdf
fl in top-tier journal,2021,Advancing COVID-19 diagnosis with privacy-preserving collaboration in artificial intelligence,Nat. Mach. Intell.,https://arxiv.org/pdf/2111.09461.pdf,AwesomeFL_PDF/fl in top-tier journal/2021_Advancing COVID-19 diagnosis with privacy-preserving collaboration in artificial intellige.pdf
fl in top ai conference and journal,2024,BOBA: Byzantine-Robust Federated Learning with Label Skewness,AISTATS,https://arxiv.org/pdf/2208.12932.pdf,AwesomeFL_PDF/fl in top ai conference and journal/2024_BOBA: Byzantine-Robust Federated Learning with Label Skewness.pdf
fl in top ai conference and journal,2024,Federated Linear Contextual Bandits with Heterogeneous Clients,AISTATS,https://arxiv.org/pdf/2403.00116.pdf,AwesomeFL_PDF/fl in top ai conference and journal/2024_Federated Linear Contextual Bandits with Heterogeneous Clients.pdf
fl in top ai conference and journal,2024,Federated Experiment Design under Distributed Differential Privacy,AISTATS,https://arxiv.org/pdf/2311.04375.pdf,AwesomeFL_PDF/fl in top ai conference and journal/2024_Federated Experiment Design under Distributed Differential Privacy.pdf
fl in top ai conference and journal,2024,Escaping Saddle Points in Heterogeneous Federated Learning via Distributed SGD with Communication Compression,AISTATS,https://arxiv.org/pdf/2310.19059.pdf,AwesomeFL_PDF/fl in top ai conference and journal/2024_Escaping Saddle Points in Heterogeneous Federated Learning via Distributed SGD with Commun.pdf
fl in top ai conference and journal,2024,Asynchronous SGD on Graphs: a Unified Framework for Asynchronous Decentralized and Federated Optimization,AISTATS,https://arxiv.org/pdf/2311.00465.pdf,AwesomeFL_PDF/fl in top ai conference and journal/2024_Asynchronous SGD on Graphs: a Unified Framework for Asynchronous Decentralized and Federat.pdf
fl in top ai conference and journal,2024,SIFU: Sequential Informed Federated Unlearning for Efficient and Provable Client Unlearning in Federated Optimization,AISTATS,https://arxiv.org/pdf/2211.11656.pdf,AwesomeFL_PDF/fl in top ai conference and journal/2024_SIFU: Sequential Informed Federated Unlearning for Efficient and Provable Client Unlearnin.pdf
fl in top ai conference and journal,2024,Compression with Exact Error Distribution for Federated Learning,AISTATS,https://arxiv.org/pdf/2310.20682.pdf,AwesomeFL_PDF/fl in top ai conference and journal/2024_Compression with Exact Error Distribution for Federated Learning.pdf
fl in top ai conference and journal,2024,Adaptive Federated Minimax Optimization with Lower Complexities,AISTATS,https://arxiv.org/pdf/2211.07303.pdf,AwesomeFL_PDF/fl in top ai conference and journal/2024_Adaptive Federated Minimax Optimization with Lower Complexities.pdf
fl in top ai conference and journal,2024,Adaptive Compression in Federated Learning via Side Information,AISTATS,https://arxiv.org/pdf/2306.12625.pdf,AwesomeFL_PDF/fl in top ai conference and journal/2024_Adaptive Compression in Federated Learning via Side Information.pdf
fl in top ai conference and journal,2024,FedFisher: Leveraging Fisher Information for One-Shot Federated Learning,AISTATS,https://arxiv.org/pdf/2403.12329.pdf,AwesomeFL_PDF/fl in top ai conference and journal/2024_FedFisher: Leveraging Fisher Information for One-Shot Federated Learning.pdf
fl in top ai conference and journal,2024,Queuing dynamics of asynchronous Federated Learning,AISTATS,https://arxiv.org/pdf/2405.00017.pdf,AwesomeFL_PDF/fl in top ai conference and journal/2024_Queuing dynamics of asynchronous Federated Learning.pdf
fl in top ai conference and journal,2024,Personalized Federated X-armed Bandit,AISTATS,https://arxiv.org/pdf/2310.16323.pdf,AwesomeFL_PDF/fl in top ai conference and journal/2024_Personalized Federated X-armed Bandit.pdf
fl in top ai conference and journal,2024,Stochastic Smoothed Gradient Descent Ascent for Federated Minimax Optimization,AISTATS,https://arxiv.org/pdf/2311.00944.pdf,AwesomeFL_PDF/fl in top ai conference and journal/2024_Stochastic Smoothed Gradient Descent Ascent for Federated Minimax Optimization.pdf
fl in top ai conference and journal,2024,Understanding Generalization of Federated Learning via Stability: Heterogeneity Matters,AISTATS,https://arxiv.org/pdf/2306.03824.pdf,AwesomeFL_PDF/fl in top ai conference and journal/2024_Understanding Generalization of Federated Learning via Stability: Heterogeneity Matters.pdf
fl in top ai conference and journal,2024,Provable Mutual Benefits from Federated Learning in Privacy-Sensitive Domains,AISTATS,https://arxiv.org/pdf/2403.06672.pdf,AwesomeFL_PDF/fl in top ai conference and journal/2024_Provable Mutual Benefits from Federated Learning in Privacy-Sensitive Domains.pdf
fl in top ai conference and journal,2024,Analysis of Privacy Leakage in Federated Large Language Models,AISTATS,https://arxiv.org/pdf/2403.04784.pdf,AwesomeFL_PDF/fl in top ai conference and journal/2024_Analysis of Privacy Leakage in Federated Large Language Models.pdf
fl in top ai conference and journal,2024,Invariant Aggregator for Defending against Federated Backdoor Attacks,AISTATS,https://arxiv.org/pdf/2210.01834.pdf,AwesomeFL_PDF/fl in top ai conference and journal/2024_Invariant Aggregator for Defending against Federated Backdoor Attacks.pdf
fl in top ai conference and journal,2024,Communication-Efficient Federated Learning With Data and Client Heterogeneity,AISTATS,https://arxiv.org/pdf/2206.10032.pdf,AwesomeFL_PDF/fl in top ai conference and journal/2024_Communication-Efficient Federated Learning With Data and Client Heterogeneity.pdf
fl in top ai conference and journal,2024,No Prejudice! Fair Federated Graph Neural Networks for Personalized Recommendation,AAAI,https://arxiv.org/pdf/2312.10080.pdf,AwesomeFL_PDF/fl in top ai conference and journal/2024_No Prejudice! Fair Federated Graph Neural Networks for Personalized Recommendation.pdf
fl in top ai conference and journal,2024,Formal Logic Enabled Personalized Federated Learning through Property Inference,AAAI,https://arxiv.org/pdf/2401.07448.pdf,AwesomeFL_PDF/fl in top ai conference and journal/2024_Formal Logic Enabled Personalized Federated Learning through Property Inference.pdf
fl in top ai conference and journal,2024,Task-Agnostic Privacy-Preserving Representation Learning for Federated Learning against Attribute Inference Attacks,AAAI,https://arxiv.org/pdf/2312.06989.pdf,AwesomeFL_PDF/fl in top ai conference and journal/2024_Task-Agnostic Privacy-Preserving Representation Learning for Federated Learning against At.pdf
fl in top ai conference and journal,2024,Combating Data Imbalances in Federated Semi-supervised Learning with Dual Regulators,AAAI,https://arxiv.org/pdf/2307.05358.pdf,AwesomeFL_PDF/fl in top ai conference and journal/2024_Combating Data Imbalances in Federated Semi-supervised Learning with Dual Regulators.pdf
fl in top ai conference and journal,2024,Fed-QSSL: A Framework for Personalized Federated Learning under Bitwidth and Data Heterogeneity,AAAI,https://arxiv.org/pdf/2312.13380.pdf,AwesomeFL_PDF/fl in top ai conference and journal/2024_Fed-QSSL: A Framework for Personalized Federated Learning under Bitwidth and Data Heteroge.pdf
fl in top ai conference and journal,2024,FedDAT: An Approach for Foundation Model Finetuning in Multi-Modal Heterogeneous Federated Learning,AAAI,https://arxiv.org/pdf/2308.12305.pdf,AwesomeFL_PDF/fl in top ai conference and journal/2024_FedDAT: An Approach for Foundation Model Finetuning in Multi-Modal Heterogeneous Federated.pdf
fl in top ai conference and journal,2024,Watch Your Head: Assembling Projection Heads to Save the Reliability of Federated Models,AAAI,https://arxiv.org/pdf/2402.16255.pdf,AwesomeFL_PDF/fl in top ai conference and journal/2024_Watch Your Head: Assembling Projection Heads to Save the Reliability of Federated Models.pdf
fl in top ai conference and journal,2024,Federated Modality-Specific Encoders and Multimodal Anchors for Personalized Brain Tumor Segmentation,AAAI,https://arxiv.org/pdf/2403.11803.pdf,AwesomeFL_PDF/fl in top ai conference and journal/2024_Federated Modality-Specific Encoders and Multimodal Anchors for Personalized Brain Tumor S.pdf
fl in top ai conference and journal,2024,Exploiting Label Skews in Federated Learning with Model Concatenation,AAAI,https://arxiv.org/pdf/2312.06290.pdf,AwesomeFL_PDF/fl in top ai conference and journal/2024_Exploiting Label Skews in Federated Learning with Model Concatenation.pdf
fl in top ai conference and journal,2024,FedFixer: Mitigating Heterogeneous Label Noise in Federated Learning,AAAI,https://arxiv.org/pdf/2403.16561.pdf,AwesomeFL_PDF/fl in top ai conference and journal/2024_FedFixer: Mitigating Heterogeneous Label Noise in Federated Learning.pdf
fl in top ai conference and journal,2024,FedLPS: Heterogeneous Federated Learning for Multiple Tasks with Local Parameter Sharing,AAAI,https://arxiv.org/pdf/2402.08578.pdf,AwesomeFL_PDF/fl in top ai conference and journal/2024_FedLPS: Heterogeneous Federated Learning for Multiple Tasks with Local Parameter Sharing.pdf
fl in top ai conference and journal,2024,Provably Convergent Federated Trilevel Learning,AAAI,https://arxiv.org/pdf/2312.11835.pdf,AwesomeFL_PDF/fl in top ai conference and journal/2024_Provably Convergent Federated Trilevel Learning.pdf
fl in top ai conference and journal,2024,FedDiv: Collaborative Noise Filtering for Federated Learning with Noisy Labels,AAAI,https://arxiv.org/pdf/2312.12263.pdf,AwesomeFL_PDF/fl in top ai conference and journal/2024_FedDiv: Collaborative Noise Filtering for Federated Learning with Noisy Labels.pdf
fl in top ai conference and journal,2024,Point Transformer with Federated Learning for  Predicting Breast Cancer HER2 Status from Hematoxylin and Eosin-Stained  Whole Slide Images,AAAI,https://arxiv.org/pdf/2312.06454.pdf,AwesomeFL_PDF/fl in top ai conference and journal/2024_Point Transformer with Federated Learning for  Predicting Breast Cancer HER2 Status from H.pdf
fl in top ai conference and journal,2024,FedNS: A Fast Sketching Newton-Type Algorithm for Federated Learning,AAAI,https://arxiv.org/pdf/2401.02734.pdf,AwesomeFL_PDF/fl in top ai conference and journal/2024_FedNS: A Fast Sketching Newton-Type Algorithm for Federated Learning.pdf
fl in top ai conference and journal,2024,Federated X-armed Bandit,AAAI,https://arxiv.org/pdf/2205.15268.pdf,AwesomeFL_PDF/fl in top ai conference and journal/2024_Federated X-armed Bandit.pdf
fl in top ai conference and journal,2024,UFDA: Universal Federated Domain Adaptation with Practical Assumptions,AAAI,https://arxiv.org/pdf/2311.15570.pdf,AwesomeFL_PDF/fl in top ai conference and journal/2024_UFDA: Universal Federated Domain Adaptation with Practical Assumptions.pdf
fl in top ai conference and journal,2024,FedASMU: Efficient Asynchronous Federated Learning with Dynamic Staleness-Aware Model Update,AAAI,https://arxiv.org/pdf/2312.05770.pdf,AwesomeFL_PDF/fl in top ai conference and journal/2024_FedASMU: Efficient Asynchronous Federated Learning with Dynamic Staleness-Aware Model Upda.pdf
fl in top ai conference and journal,2024,Language-Guided Transformer for Federated Multi-Label Classification,AAAI,https://arxiv.org/pdf/2312.07165.pdf,AwesomeFL_PDF/fl in top ai conference and journal/2024_Language-Guided Transformer for Federated Multi-Label Classification.pdf
fl in top ai conference and journal,2024,Federated Learning with Extremely Noisy Clients via Negative Distillation,AAAI,https://arxiv.org/pdf/2312.12703.pdf,AwesomeFL_PDF/fl in top ai conference and journal/2024_Federated Learning with Extremely Noisy Clients via Negative Distillation.pdf
fl in top ai conference and journal,2024,PPIDSG: A Privacy-Preserving Image Distribution Sharing Scheme with GAN in Federated Learning,AAAI,https://arxiv.org/pdf/2312.10380.pdf,AwesomeFL_PDF/fl in top ai conference and journal/2024_PPIDSG: A Privacy-Preserving Image Distribution Sharing Scheme with GAN in Federated Learn.pdf
fl in top ai conference and journal,2024,A Primal-Dual Algorithm for Hybrid Federated Learning,AAAI,https://arxiv.org/pdf/2210.08106.pdf,AwesomeFL_PDF/fl in top ai conference and journal/2024_A Primal-Dual Algorithm for Hybrid Federated Learning.pdf
fl in top ai conference and journal,2024,Towards Fair Graph Federated Learning via Incentive Mechanisms,AAAI,https://arxiv.org/pdf/2312.13306.pdf,AwesomeFL_PDF/fl in top ai conference and journal/2024_Towards Fair Graph Federated Learning via Incentive Mechanisms.pdf
fl in top ai conference and journal,2024,Resisting Backdoor Attacks in Federated Learning via Bidirectional Elections and Individual Perspective,AAAI,https://arxiv.org/pdf/2309.16456.pdf,AwesomeFL_PDF/fl in top ai conference and journal/2024_Resisting Backdoor Attacks in Federated Learning via Bidirectional Elections and Individua.pdf
fl in top ai conference and journal,2024,CLIP-Guided Federated Learning on Heterogeneity and Long-Tailed Data,AAAI,https://arxiv.org/pdf/2312.08648.pdf,AwesomeFL_PDF/fl in top ai conference and journal/2024_CLIP-Guided Federated Learning on Heterogeneity and Long-Tailed Data.pdf
fl in top ai conference and journal,2024,Federated Adaptive Prompt Tuning for Multi-Domain Collaborative Learning,AAAI,https://arxiv.org/pdf/2211.07864.pdf,AwesomeFL_PDF/fl in top ai conference and journal/2024_Federated Adaptive Prompt Tuning for Multi-Domain Collaborative Learning.pdf
fl in top ai conference and journal,2024,Multi-Dimensional Fair Federated Learning,AAAI,https://arxiv.org/pdf/2312.05551.pdf,AwesomeFL_PDF/fl in top ai conference and journal/2024_Multi-Dimensional Fair Federated Learning.pdf
fl in top ai conference and journal,2024,On the Role of Server Momentum in Federated Learning,AAAI,https://arxiv.org/pdf/2312.12670.pdf,AwesomeFL_PDF/fl in top ai conference and journal/2024_On the Role of Server Momentum in Federated Learning.pdf
fl in top ai conference and journal,2024,FedCompetitors: Harmonious Collaboration in Federated Learning with Competing Participants,AAAI,https://arxiv.org/pdf/2312.11391.pdf,AwesomeFL_PDF/fl in top ai conference and journal/2024_FedCompetitors: Harmonious Collaboration in Federated Learning with Competing Participants.pdf
fl in top ai conference and journal,2024,TurboSVM-FL: Boosting Federated Learning through SVM Aggregation for Lazy Clients,AAAI,https://arxiv.org/pdf/2401.12012.pdf,AwesomeFL_PDF/fl in top ai conference and journal/2024_TurboSVM-FL: Boosting Federated Learning through SVM Aggregation for Lazy Clients.pdf
fl in top ai conference and journal,2024,Multi-Source Collaborative Gradient Discrepancy Minimization for Federated Domain Generalization,AAAI,https://arxiv.org/pdf/2401.10272.pdf,AwesomeFL_PDF/fl in top ai conference and journal/2024_Multi-Source Collaborative Gradient Discrepancy Minimization for Federated Domain Generali.pdf
fl in top ai conference and journal,2024,Concealing Sensitive Samples against Gradient Leakage in Federated Learning,AAAI,https://arxiv.org/pdf/2209.05724.pdf,AwesomeFL_PDF/fl in top ai conference and journal/2024_Concealing Sensitive Samples against Gradient Leakage in Federated Learning.pdf
fl in top ai conference and journal,2024,FedA3I: Annotation Quality-Aware Aggregation for Federated Medical Image Segmentation against Heterogeneous Annotation Noise,AAAI,https://arxiv.org/pdf/2312.12838.pdf,AwesomeFL_PDF/fl in top ai conference and journal/2024_FedA3I: Annotation Quality-Aware Aggregation for Federated Medical Image Segmentation agai.pdf
fl in top ai conference and journal,2024,Federated Causality Learning with Explainable Adaptive Optimization,AAAI,https://arxiv.org/pdf/2312.05540.pdf,AwesomeFL_PDF/fl in top ai conference and journal/2024_Federated Causality Learning with Explainable Adaptive Optimization.pdf
fl in top ai conference and journal,2024,Federated Contextual Cascading Bandits with Asynchronous Communication and Heterogeneous Users,AAAI,https://arxiv.org/pdf/2402.16312.pdf,AwesomeFL_PDF/fl in top ai conference and journal/2024_Federated Contextual Cascading Bandits with Asynchronous Communication and Heterogeneous U.pdf
fl in top ai conference and journal,2024,Exploring One-Shot Semi-supervised Federated Learning with Pre-trained Diffusion Models,AAAI,https://arxiv.org/pdf/2305.04063.pdf,AwesomeFL_PDF/fl in top ai conference and journal/2024_Exploring One-Shot Semi-supervised Federated Learning with Pre-trained Diffusion Models.pdf
fl in top ai conference and journal,2024,FedTGP: Trainable Global Prototypes with  Adaptive-Margin-Enhanced Contrastive Learning for Data and Model  Heterogeneity in Federated Learning,AAAI,https://arxiv.org/pdf/2401.03230.pdf,AwesomeFL_PDF/fl in top ai conference and journal/2024_FedTGP: Trainable Global Prototypes with  Adaptive-Margin-Enhanced Contrastive Learning fo.pdf
fl in top ai conference and journal,2024,LR-XFL: Logical Reasoning-Based Explainable Federated Learning,AAAI,https://arxiv.org/pdf/2308.12681.pdf,AwesomeFL_PDF/fl in top ai conference and journal/2024_LR-XFL: Logical Reasoning-Based Explainable Federated Learning.pdf
fl in top ai conference and journal,2024,A Huber Loss Minimization Approach to Byzantine Robust Federated Learning,AAAI,https://arxiv.org/pdf/2308.12581.pdf,AwesomeFL_PDF/fl in top ai conference and journal/2024_A Huber Loss Minimization Approach to Byzantine Robust Federated Learning.pdf
fl in top ai conference and journal,2023,Untargeted Attack against Federated Recommendation Systems via Poisonous Item Embeddings and the Defense,AAAI,https://arxiv.org/pdf/2212.05399.pdf,AwesomeFL_PDF/fl in top ai conference and journal/2023_Untargeted Attack against Federated Recommendation Systems via Poisonous Item Embeddings a.pdf
fl in top ai conference and journal,2023,Incentive-Boosted Federated Crowdsourcing,AAAI,https://arxiv.org/pdf/2211.14439.pdf,AwesomeFL_PDF/fl in top ai conference and journal/2023_Incentive-Boosted Federated Crowdsourcing.pdf
fl in top ai conference and journal,2023,Tackling Data Heterogeneity in Federated Learning with Class Prototypes,AAAI,https://arxiv.org/pdf/2212.02758.pdf,AwesomeFL_PDF/fl in top ai conference and journal/2023_Tackling Data Heterogeneity in Federated Learning with Class Prototypes.pdf
fl in top ai conference and journal,2023,FairFed: Enabling Group Fairness in Federated Learning,AAAI,https://arxiv.org/pdf/2110.00857.pdf,AwesomeFL_PDF/fl in top ai conference and journal/2023_FairFed: Enabling Group Fairness in Federated Learning.pdf
fl in top ai conference and journal,2023,Almost Cost-Free Communication in Federated Best Arm Identification,AAAI,https://arxiv.org/pdf/2208.09215.pdf,AwesomeFL_PDF/fl in top ai conference and journal/2023_Almost Cost-Free Communication in Federated Best Arm Identification.pdf
fl in top ai conference and journal,2023,Layer-Wise Adaptive Model Aggregation for Scalable Federated Learning,AAAI,https://arxiv.org/pdf/2110.10302.pdf,AwesomeFL_PDF/fl in top ai conference and journal/2023_Layer-Wise Adaptive Model Aggregation for Scalable Federated Learning.pdf
fl in top ai conference and journal,2023,Securing Secure Aggregation: Mitigating Multi-Round Privacy Leakage in Federated Learning,AAAI,https://arxiv.org/pdf/2106.03328.pdf,AwesomeFL_PDF/fl in top ai conference and journal/2023_Securing Secure Aggregation: Mitigating Multi-Round Privacy Leakage in Federated Learning.pdf
fl in top ai conference and journal,2023,Federated Learning on Non-IID Graphs via Structural Knowledge Sharing,AAAI,https://arxiv.org/pdf/2211.13009.pdf,AwesomeFL_PDF/fl in top ai conference and journal/2023_Federated Learning on Non-IID Graphs via Structural Knowledge Sharing.pdf
fl in top ai conference and journal,2023,Efficient  Distribution Similarity Identification in Clustered Federated Learning  via Principal Angles between Client Data Subspaces,AAAI,https://arxiv.org/pdf/2209.10526.pdf,AwesomeFL_PDF/fl in top ai conference and journal/2023_Efficient  Distribution Similarity Identification in Clustered Federated Learning  via Pri.pdf
fl in top ai conference and journal,2023,FedABC: Targeting Fair Competition in Personalized Federated Learning,AAAI,https://arxiv.org/pdf/2302.07450.pdf,AwesomeFL_PDF/fl in top ai conference and journal/2023_FedABC: Targeting Fair Competition in Personalized Federated Learning.pdf
fl in top ai conference and journal,2023,Beyond ADMM: A Unified Client-Variance-Reduced Adaptive Federated Learning Framework,AAAI,https://arxiv.org/pdf/2212.01519.pdf,AwesomeFL_PDF/fl in top ai conference and journal/2023_Beyond ADMM: A Unified Client-Variance-Reduced Adaptive Federated Learning Framework.pdf
fl in top ai conference and journal,2023,FedGS: Federated Graph-Based Sampling with Arbitrary Client Availability,AAAI,https://arxiv.org/pdf/2211.13975.pdf,AwesomeFL_PDF/fl in top ai conference and journal/2023_FedGS: Federated Graph-Based Sampling with Arbitrary Client Availability.pdf
fl in top ai conference and journal,2023,Faster Adaptive Federated Learning,AAAI,https://arxiv.org/pdf/2212.00974.pdf,AwesomeFL_PDF/fl in top ai conference and journal/2023_Faster Adaptive Federated Learning.pdf
fl in top ai conference and journal,2023,Bayesian Federated Neural Matching That Completes Full Information,AAAI,https://arxiv.org/pdf/2211.08010.pdf,AwesomeFL_PDF/fl in top ai conference and journal/2023_Bayesian Federated Neural Matching That Completes Full Information.pdf
fl in top ai conference and journal,2023,CDMA: A Practical Cross-Device Federated Learning Algorithm for General Minimax Problems,AAAI,https://arxiv.org/pdf/2105.14216.pdf,AwesomeFL_PDF/fl in top ai conference and journal/2023_CDMA: A Practical Cross-Device Federated Learning Algorithm for General Minimax Problems.pdf
fl in top ai conference and journal,2023,FedALA: Adaptive Local Aggregation for Personalized Federated Learning,AAAI,https://arxiv.org/pdf/2212.01197.pdf,AwesomeFL_PDF/fl in top ai conference and journal/2023_FedALA: Adaptive Local Aggregation for Personalized Federated Learning.pdf
fl in top ai conference and journal,2023,Delving into the Adversarial Robustness of Federated Learning,AAAI,https://arxiv.org/pdf/2302.09479.pdf,AwesomeFL_PDF/fl in top ai conference and journal/2023_Delving into the Adversarial Robustness of Federated Learning.pdf
fl in top ai conference and journal,2023,On the Vulnerability of Backdoor Defenses for Federated Learning,AAAI,https://arxiv.org/pdf/2301.08170.pdf,AwesomeFL_PDF/fl in top ai conference and journal/2023_On the Vulnerability of Backdoor Defenses for Federated Learning.pdf
fl in top ai conference and journal,2023,Echo of Neighbors: Privacy Amplification for Personalized Private Federated Learning with Shuffle Model,AAAI,https://arxiv.org/pdf/2304.05516.pdf,AwesomeFL_PDF/fl in top ai conference and journal/2023_Echo of Neighbors: Privacy Amplification for Personalized Private Federated Learning with .pdf
fl in top ai conference and journal,2023,DPAUC: Differentially Private AUC Computation in Federated Learning,AAAI Special Tracks,https://arxiv.org/pdf/2208.12294.pdf,AwesomeFL_PDF/fl in top ai conference and journal/2023_DPAUC: Differentially Private AUC Computation in Federated Learning.pdf
fl in top ai conference and journal,2023,Efficient Training of Large-Scale Industrial Fault Diagnostic Models through Federated Opportunistic Block Dropout,AAAI Special Programs,https://arxiv.org/pdf/2302.11485.pdf,AwesomeFL_PDF/fl in top ai conference and journal/2023_Efficient Training of Large-Scale Industrial Fault Diagnostic Models through Federated Opp.pdf
fl in top ai conference and journal,2023,Industry-Scale Orchestrated Federated Learning for Drug Discovery,AAAI Special Programs,https://arxiv.org/pdf/2210.08871.pdf,AwesomeFL_PDF/fl in top ai conference and journal/2023_Industry-Scale Orchestrated Federated Learning for Drug Discovery.pdf
fl in top ai conference and journal,2023,FedSampling: A Better Sampling Strategy for Federated Learning,IJCAI,https://arxiv.org/pdf/2306.14245.pdf,AwesomeFL_PDF/fl in top ai conference and journal/2023_FedSampling: A Better Sampling Strategy for Federated Learning.pdf
fl in top ai conference and journal,2023,HyperFed: Hyperbolic Prototypes Exploration with Consistent Aggregation for Non-IID Data in Federated Learning,IJCAI,https://arxiv.org/pdf/2307.14384.pdf,AwesomeFL_PDF/fl in top ai conference and journal/2023_HyperFed: Hyperbolic Prototypes Exploration with Consistent Aggregation for Non-IID Data i.pdf
fl in top ai conference and journal,2023,FedOBD: Opportunistic Block Dropout for Efficiently Training Large-scale Neural Networks through Federated Learning,IJCAI,https://arxiv.org/pdf/2208.05174.pdf,AwesomeFL_PDF/fl in top ai conference and journal/2023_FedOBD: Opportunistic Block Dropout for Efficiently Training Large-scale Neural Networks t.pdf
fl in top ai conference and journal,2023,BARA: Efficient Incentive Mechanism with Online Reward Budget Allocation in Cross-Silo Federated Learning,IJCAI,https://arxiv.org/pdf/2305.05221.pdf,AwesomeFL_PDF/fl in top ai conference and journal/2023_BARA: Efficient Incentive Mechanism with Online Reward Budget Allocation in Cross-Silo Fed.pdf
fl in top ai conference and journal,2023,FedDWA: Personalized Federated Learning with Dynamic Weight Adjustment,IJCAI,https://arxiv.org/pdf/2305.06124.pdf,AwesomeFL_PDF/fl in top ai conference and journal/2023_FedDWA: Personalized Federated Learning with Dynamic Weight Adjustment.pdf
fl in top ai conference and journal,2023,FedPass: Privacy-Preserving Vertical Federated Deep Learning with Adaptive Obfuscation,IJCAI,https://arxiv.org/pdf/2301.12623.pdf,AwesomeFL_PDF/fl in top ai conference and journal/2023_FedPass: Privacy-Preserving Vertical Federated Deep Learning with Adaptive Obfuscation.pdf
fl in top ai conference and journal,2023,Dual Personalization on Federated Recommendation,IJCAI,https://arxiv.org/pdf/2301.08143.pdf,AwesomeFL_PDF/fl in top ai conference and journal/2023_Dual Personalization on Federated Recommendation.pdf
fl in top ai conference and journal,2023,FedNoRo: Towards Noise-Robust Federated Learning by Addressing Class Imbalance and Label Noise Heterogeneity,IJCAI,https://arxiv.org/pdf/2305.05230.pdf,AwesomeFL_PDF/fl in top ai conference and journal/2023_FedNoRo: Towards Noise-Robust Federated Learning by Addressing Class Imbalance and Label N.pdf
fl in top ai conference and journal,2023,Denial-of-Service or Fine-Grained Control: Towards Flexible Model Poisoning Attacks on Federated Learning,IJCAI,https://arxiv.org/pdf/2304.10783.pdf,AwesomeFL_PDF/fl in top ai conference and journal/2023_Denial-of-Service or Fine-Grained Control: Towards Flexible Model Poisoning Attacks on Fed.pdf
fl in top ai conference and journal,2023,FedHGN: A Federated Framework for Heterogeneous Graph Neural Networks,IJCAI,https://arxiv.org/pdf/2305.09729.pdf,AwesomeFL_PDF/fl in top ai conference and journal/2023_FedHGN: A Federated Framework for Heterogeneous Graph Neural Networks.pdf
fl in top ai conference and journal,2023,FedET: A Communication-Efficient Federated Class-Incremental Learning Framework Based on Enhanced Transformer,IJCAI,https://arxiv.org/pdf/2306.15347.pdf,AwesomeFL_PDF/fl in top ai conference and journal/2023_FedET: A Communication-Efficient Federated Class-Incremental Learning Framework Based on E.pdf
fl in top ai conference and journal,2023,Prompt Federated Learning for Weather Forecasting: Toward Foundation Models on Meteorological Data,IJCAI,https://arxiv.org/pdf/2301.09152.pdf,AwesomeFL_PDF/fl in top ai conference and journal/2023_Prompt Federated Learning for Weather Forecasting: Toward Foundation Models on Meteorologi.pdf
fl in top ai conference and journal,2023,Bayesian Federated Learning: A Survey,IJCAI Survey Track,https://arxiv.org/pdf/2304.13267.pdf,AwesomeFL_PDF/fl in top ai conference and journal/2023_Bayesian Federated Learning: A Survey.pdf
fl in top ai conference and journal,2023,A Survey of Federated Evaluation in Federated Learning,IJCAI Survey Track,https://arxiv.org/pdf/2305.08070.pdf,AwesomeFL_PDF/fl in top ai conference and journal/2023_A Survey of Federated Evaluation in Federated Learning.pdf
fl in top ai conference and journal,2023,Federated Learning on Non-IID Graphs via Structural Knowledge Sharing,AAAI,https://arxiv.org/pdf/2211.13009.pdf,AwesomeFL_PDF/fl in top ai conference and journal/2023_Federated Learning on Non-IID Graphs via Structural Knowledge Sharing.pdf
fl in top ai conference and journal,2023,FedGS: Federated Graph-based Sampling with Arbitrary Client Availability,AAAI,https://arxiv.org/pdf/2211.13975.pdf,AwesomeFL_PDF/fl in top ai conference and journal/2023_FedGS: Federated Graph-based Sampling with Arbitrary Client Availability.pdf
fl in top ai conference and journal,2023,Incentive-boosted Federated Crowdsourcing,AAAI,https://arxiv.org/pdf/2211.14439.pdf,AwesomeFL_PDF/fl in top ai conference and journal/2023_Incentive-boosted Federated Crowdsourcing.pdf
fl in top ai conference and journal,2022,FLIX: A Simple and Communication-Efficient Alternative to Local Methods in Federated Learning,AISTATS,https://arxiv.org/pdf/2111.11556.pdf,AwesomeFL_PDF/fl in top ai conference and journal/2022_FLIX: A Simple and Communication-Efficient Alternative to Local Methods in Federated Learn.pdf
fl in top ai conference and journal,2022,Sharp Bounds for Federated Averaging (Local SGD) and Continuous Perspective.,AISTATS,https://arxiv.org/pdf/2111.03741.pdf,AwesomeFL_PDF/fl in top ai conference and journal/2022_Sharp Bounds for Federated Averaging (Local SGD) and Continuous Perspective..pdf
fl in top ai conference and journal,2022,Federated Myopic Community Detection with One-shot Communication,AISTATS,https://arxiv.org/pdf/2106.07255.pdf,AwesomeFL_PDF/fl in top ai conference and journal/2022_Federated Myopic Community Detection with One-shot Communication.pdf
fl in top ai conference and journal,2022,Asynchronous Upper Confidence Bound Algorithms for Federated Linear Bandits.,AISTATS,https://arxiv.org/pdf/2110.01463.pdf,AwesomeFL_PDF/fl in top ai conference and journal/2022_Asynchronous Upper Confidence Bound Algorithms for Federated Linear Bandits..pdf
fl in top ai conference and journal,2022,Towards Federated Bayesian Network Structure Learning with Continuous Optimization.,AISTATS,https://arxiv.org/pdf/2110.09356.pdf,AwesomeFL_PDF/fl in top ai conference and journal/2022_Towards Federated Bayesian Network Structure Learning with Continuous Optimization..pdf
fl in top ai conference and journal,2022,Federated Learning with Buffered Asynchronous Aggregation,AISTATS,https://arxiv.org/pdf/2106.06639.pdf,AwesomeFL_PDF/fl in top ai conference and journal/2022_Federated Learning with Buffered Asynchronous Aggregation.pdf
fl in top ai conference and journal,2022,Differentially Private Federated Learning on Heterogeneous Data.,AISTATS,https://arxiv.org/pdf/2111.09278.pdf,AwesomeFL_PDF/fl in top ai conference and journal/2022_Differentially Private Federated Learning on Heterogeneous Data..pdf
fl in top ai conference and journal,2022,SparseFed: Mitigating Model Poisoning Attacks in Federated Learning with Sparsification,AISTATS,https://arxiv.org/pdf/2112.06274.pdf,AwesomeFL_PDF/fl in top ai conference and journal/2022_SparseFed: Mitigating Model Poisoning Attacks in Federated Learning with Sparsification.pdf
fl in top ai conference and journal,2022,Basis Matters: Better Communication-Efficient Second Order Methods for Federated Learning,AISTATS,https://arxiv.org/pdf/2111.01847.pdf,AwesomeFL_PDF/fl in top ai conference and journal/2022_Basis Matters: Better Communication-Efficient Second Order Methods for Federated Learning.pdf
fl in top ai conference and journal,2022,Federated Functional Gradient Boosting.,AISTATS,https://arxiv.org/pdf/2103.06972.pdf,AwesomeFL_PDF/fl in top ai conference and journal/2022_Federated Functional Gradient Boosting..pdf
fl in top ai conference and journal,2022,QLSD: Quantised Langevin Stochastic Dynamics for Bayesian Federated Learning.,AISTATS,https://arxiv.org/pdf/2106.00797.pdf,AwesomeFL_PDF/fl in top ai conference and journal/2022_QLSD: Quantised Langevin Stochastic Dynamics for Bayesian Federated Learning..pdf
fl in top ai conference and journal,2022,Personalized Federated Learning With a Graph,IJCAI,https://arxiv.org/pdf/2203.00829.pdf,AwesomeFL_PDF/fl in top ai conference and journal/2022_Personalized Federated Learning With a Graph.pdf
fl in top ai conference and journal,2022,Vertically Federated Graph Neural Network for Privacy-Preserving Node Classification,IJCAI,https://arxiv.org/pdf/2005.11903.pdf,AwesomeFL_PDF/fl in top ai conference and journal/2022_Vertically Federated Graph Neural Network for Privacy-Preserving Node Classification.pdf
fl in top ai conference and journal,2022,Adapt to Adaptation: Learning Personalization for Cross-Silo Federated Learning,IJCAI,https://arxiv.org/pdf/2110.08394.pdf,AwesomeFL_PDF/fl in top ai conference and journal/2022_Adapt to Adaptation: Learning Personalization for Cross-Silo Federated Learning.pdf
fl in top ai conference and journal,2022,Heterogeneous Ensemble Knowledge Transfer for Training Large Models in Federated Learning,IJCAI,https://arxiv.org/pdf/2204.12703.pdf,AwesomeFL_PDF/fl in top ai conference and journal/2022_Heterogeneous Ensemble Knowledge Transfer for Training Large Models in Federated Learning.pdf
fl in top ai conference and journal,2022,Federated Learning on Heterogeneous and Long-Tailed Data via Classifier Re-Training with Federated Features,IJCAI,https://arxiv.org/pdf/2204.13399.pdf,AwesomeFL_PDF/fl in top ai conference and journal/2022_Federated Learning on Heterogeneous and Long-Tailed Data via Classifier Re-Training with F.pdf
fl in top ai conference and journal,2022,Personalized Federated Learning with Contextualized Generalization.,IJCAI,https://arxiv.org/pdf/2106.13044.pdf,AwesomeFL_PDF/fl in top ai conference and journal/2022_Personalized Federated Learning with Contextualized Generalization..pdf
fl in top ai conference and journal,2022,Shielding Federated Learning: Robust Aggregation with Adaptive Client Selection.,IJCAI,https://arxiv.org/pdf/2204.13256.pdf,AwesomeFL_PDF/fl in top ai conference and journal/2022_Shielding Federated Learning: Robust Aggregation with Adaptive Client Selection..pdf
fl in top ai conference and journal,2022,FedCG: Leverage Conditional GAN for Protecting Privacy and Maintaining Competitive Performance in Federated Learning,IJCAI,https://arxiv.org/pdf/2111.08211.pdf,AwesomeFL_PDF/fl in top ai conference and journal/2022_FedCG: Leverage Conditional GAN for Protecting Privacy and Maintaining Competitive Perform.pdf
fl in top ai conference and journal,2022,FedDUAP: Federated Learning with Dynamic Update and Adaptive Pruning Using Shared Data on the Server.,IJCAI,https://arxiv.org/pdf/2204.11536.pdf,AwesomeFL_PDF/fl in top ai conference and journal/2022_FedDUAP: Federated Learning with Dynamic Update and Adaptive Pruning Using Shared Data on .pdf
fl in top ai conference and journal,2022,Towards Verifiable Federated Learning **`surv.`**,IJCAI,https://arxiv.org/pdf/2202.08310.pdf,AwesomeFL_PDF/fl in top ai conference and journal/2022_Towards Verifiable Federated Learning `surv.`.pdf
fl in top ai conference and journal,2022,HarmoFL: Harmonizing Local and Global Drifts in Federated Learning on Heterogeneous Medical Images,AAAI,https://arxiv.org/pdf/2112.10775.pdf,AwesomeFL_PDF/fl in top ai conference and journal/2022_HarmoFL: Harmonizing Local and Global Drifts in Federated Learning on Heterogeneous Medica.pdf
fl in top ai conference and journal,2022,Federated Learning for Face Recognition with Gradient Correction,AAAI,https://arxiv.org/pdf/2112.07246.pdf,AwesomeFL_PDF/fl in top ai conference and journal/2022_Federated Learning for Face Recognition with Gradient Correction.pdf
fl in top ai conference and journal,2022,SpreadGNN: Decentralized Multi-Task Federated Learning for Graph Neural Networks on Molecular Data,AAAI,https://arxiv.org/pdf/2106.02743.pdf,AwesomeFL_PDF/fl in top ai conference and journal/2022_SpreadGNN: Decentralized Multi-Task Federated Learning for Graph Neural Networks on Molecu.pdf
fl in top ai conference and journal,2022,Bridging between Cognitive Processing Signals and Linguistic Features via a Unified Attentional Network,AAAI,https://arxiv.org/pdf/2112.08831.pdf,AwesomeFL_PDF/fl in top ai conference and journal/2022_Bridging between Cognitive Processing Signals and Linguistic Features via a Unified Attent.pdf
fl in top ai conference and journal,2022,Seizing Critical Learning Periods in Federated Learning,AAAI,https://arxiv.org/pdf/2109.05613.pdf,AwesomeFL_PDF/fl in top ai conference and journal/2022_Seizing Critical Learning Periods in Federated Learning.pdf
fl in top ai conference and journal,2022,Coordinating Momenta for Cross-silo Federated Learning,AAAI,https://arxiv.org/pdf/2102.03970.pdf,AwesomeFL_PDF/fl in top ai conference and journal/2022_Coordinating Momenta for Cross-silo Federated Learning.pdf
fl in top ai conference and journal,2022,FedProto: Federated Prototype Learning over Heterogeneous Devices,AAAI,https://arxiv.org/pdf/2105.00243.pdf,AwesomeFL_PDF/fl in top ai conference and journal/2022_FedProto: Federated Prototype Learning over Heterogeneous Devices.pdf
fl in top ai conference and journal,2022,FedSoft: Soft Clustered Federated Learning with Proximal Local Updating,AAAI,https://arxiv.org/pdf/2112.06053.pdf,AwesomeFL_PDF/fl in top ai conference and journal/2022_FedSoft: Soft Clustered Federated Learning with Proximal Local Updating.pdf
fl in top ai conference and journal,2022,"Federated Dynamic Sparse Training: Computing Less, Communicating Less, Yet Learning Better",AAAI,https://arxiv.org/pdf/2112.09824.pdf,"AwesomeFL_PDF/fl in top ai conference and journal/2022_Federated Dynamic Sparse Training: Computing Less, Communicating Less, Yet Learning Better.pdf"
fl in top ai conference and journal,2022,FedFR: Joint Optimization Federated Framework for Generic and Personalized Face Recognition,AAAI,https://arxiv.org/pdf/2112.12496.pdf,AwesomeFL_PDF/fl in top ai conference and journal/2022_FedFR: Joint Optimization Federated Framework for Generic and Personalized Face Recognitio.pdf
fl in top ai conference and journal,2022,SplitFed: When Federated Learning Meets Split Learning,AAAI,https://arxiv.org/pdf/2004.12088.pdf,AwesomeFL_PDF/fl in top ai conference and journal/2022_SplitFed: When Federated Learning Meets Split Learning.pdf
fl in top ai conference and journal,2022,Efficient Device Scheduling with Multi-Job Federated Learning,AAAI,https://arxiv.org/pdf/2112.05928.pdf,AwesomeFL_PDF/fl in top ai conference and journal/2022_Efficient Device Scheduling with Multi-Job Federated Learning.pdf
fl in top ai conference and journal,2022,Implicit Gradient Alignment in Distributed and Federated Learning,AAAI,https://arxiv.org/pdf/2106.13897.pdf,AwesomeFL_PDF/fl in top ai conference and journal/2022_Implicit Gradient Alignment in Distributed and Federated Learning.pdf
fl in top ai conference and journal,2022,Federated Nearest Neighbor Classification with a Colony of Fruit-Flies,AAAI,https://arxiv.org/pdf/2112.07157.pdf,AwesomeFL_PDF/fl in top ai conference and journal/2022_Federated Nearest Neighbor Classification with a Colony of Fruit-Flies.pdf
fl in top ai conference and journal,2022,"Iterated Vector Fields and Conservatism, with Applications to Federated Learning.",ALT,https://arxiv.org/pdf/2109.03973.pdf,"AwesomeFL_PDF/fl in top ai conference and journal/2022_Iterated Vector Fields and Conservatism, with Applications to Federated Learning..pdf"
fl in top ai conference and journal,2021,Federated Learning with Sparsification-Amplified Privacy and Adaptive Optimization,IJCAI,https://arxiv.org/pdf/2008.01558.pdf,AwesomeFL_PDF/fl in top ai conference and journal/2021_Federated Learning with Sparsification-Amplified Privacy and Adaptive Optimization.pdf
fl in top ai conference and journal,2021,Behavior Mimics Distribution: Combining Individual and Group Behaviors for Federated Learning,IJCAI,https://arxiv.org/pdf/2106.12300.pdf,AwesomeFL_PDF/fl in top ai conference and journal/2021_Behavior Mimics Distribution: Combining Individual and Group Behaviors for Federated Learn.pdf
fl in top ai conference and journal,2021,FedSpeech: Federated Text-to-Speech with Continual Learning,IJCAI,https://arxiv.org/pdf/2110.07216.pdf,AwesomeFL_PDF/fl in top ai conference and journal/2021_FedSpeech: Federated Text-to-Speech with Continual Learning.pdf
fl in top ai conference and journal,2021,Practical One-Shot Federated Learning for Cross-Silo Setting,IJCAI,https://arxiv.org/pdf/2010.01017.pdf,AwesomeFL_PDF/fl in top ai conference and journal/2021_Practical One-Shot Federated Learning for Cross-Silo Setting.pdf
fl in top ai conference and journal,2021,Federated Model Distillation with Noise-Free Differential Privacy,IJCAI,https://arxiv.org/pdf/2202.08310.pdf,AwesomeFL_PDF/fl in top ai conference and journal/2021_Federated Model Distillation with Noise-Free Differential Privacy.pdf
fl in top ai conference and journal,2021,LDP-FL: Practical Private Aggregation in Federated Learning with Local Differential Privacy,IJCAI,https://arxiv.org/pdf/2007.15789.pdf,AwesomeFL_PDF/fl in top ai conference and journal/2021_LDP-FL: Practical Private Aggregation in Federated Learning with Local Differential Privac.pdf
fl in top ai conference and journal,2021,Federated Learning with Fair Averaging. :fire:,IJCAI,https://arxiv.org/pdf/2104.14937.pdf,AwesomeFL_PDF/fl in top ai conference and journal/2021_Federated Learning with Fair Averaging. :fire:.pdf
fl in top ai conference and journal,2021,H-FL: A Hierarchical Communication-Efficient and Privacy-Protected Architecture for Federated Learning.,IJCAI,https://arxiv.org/pdf/2106.00275.pdf,AwesomeFL_PDF/fl in top ai conference and journal/2021_H-FL: A Hierarchical Communication-Efficient and Privacy-Protected Architecture for Federa.pdf
fl in top ai conference and journal,2021,Secure Bilevel Asynchronous Vertical Federated Learning with Backward Updating,AAAI,https://arxiv.org/pdf/2103.00958.pdf,AwesomeFL_PDF/fl in top ai conference and journal/2021_Secure Bilevel Asynchronous Vertical Federated Learning with Backward Updating.pdf
fl in top ai conference and journal,2021,Federated Multi-Armed Bandits,AAAI,https://arxiv.org/pdf/2101.12204.pdf,AwesomeFL_PDF/fl in top ai conference and journal/2021_Federated Multi-Armed Bandits.pdf
fl in top ai conference and journal,2021,FLAME: Differentially Private Federated Learning in the Shuffle Model,AAAI,https://arxiv.org/pdf/2009.08063.pdf,AwesomeFL_PDF/fl in top ai conference and journal/2021_FLAME: Differentially Private Federated Learning in the Shuffle Model.pdf
fl in top ai conference and journal,2021,Toward Understanding the Influence of Individual Clients in Federated Learning,AAAI,https://arxiv.org/pdf/2012.10936.pdf,AwesomeFL_PDF/fl in top ai conference and journal/2021_Toward Understanding the Influence of Individual Clients in Federated Learning.pdf
fl in top ai conference and journal,2021,Provably Secure Federated Learning against Malicious Clients,AAAI,https://arxiv.org/pdf/2102.01854.pdf,AwesomeFL_PDF/fl in top ai conference and journal/2021_Provably Secure Federated Learning against Malicious Clients.pdf
fl in top ai conference and journal,2021,Personalized Cross-Silo Federated Learning on Non-IID Data,AAAI,https://arxiv.org/pdf/2007.03797.pdf,AwesomeFL_PDF/fl in top ai conference and journal/2021_Personalized Cross-Silo Federated Learning on Non-IID Data.pdf
fl in top ai conference and journal,2021,Model-Sharing Games: Analyzing Federated Learning under Voluntary Participation,AAAI,https://arxiv.org/pdf/2010.00753.pdf,AwesomeFL_PDF/fl in top ai conference and journal/2021_Model-Sharing Games: Analyzing Federated Learning under Voluntary Participation.pdf
fl in top ai conference and journal,2021,Curse or Redemption? How Data Heterogeneity Affects the Robustness of Federated Learning,AAAI,https://arxiv.org/pdf/2102.00655.pdf,AwesomeFL_PDF/fl in top ai conference and journal/2021_Curse or Redemption How Data Heterogeneity Affects the Robustness of Federated Learning.pdf
fl in top ai conference and journal,2021,Game of Gradients: Mitigating Irrelevant Clients in Federated Learning,AAAI,https://arxiv.org/pdf/2110.12257.pdf,AwesomeFL_PDF/fl in top ai conference and journal/2021_Game of Gradients: Mitigating Irrelevant Clients in Federated Learning.pdf
fl in top ai conference and journal,2021,Federated Block Coordinate Descent Scheme for Learning Global and Personalized Models,AAAI,https://arxiv.org/pdf/2012.13900.pdf,AwesomeFL_PDF/fl in top ai conference and journal/2021_Federated Block Coordinate Descent Scheme for Learning Global and Personalized Models.pdf
fl in top ai conference and journal,2021,Defending against Backdoors in Federated Learning with Robust Learning Rate,AAAI,https://arxiv.org/pdf/2007.03767.pdf,AwesomeFL_PDF/fl in top ai conference and journal/2021_Defending against Backdoors in Federated Learning with Robust Learning Rate.pdf
fl in top ai conference and journal,2021,Convergence and Accuracy Trade-Offs in Federated Learning and Meta-Learning,AISTATS,https://arxiv.org/pdf/2103.05032.pdf,AwesomeFL_PDF/fl in top ai conference and journal/2021_Convergence and Accuracy Trade-Offs in Federated Learning and Meta-Learning.pdf
fl in top ai conference and journal,2021,Federated Multi-armed Bandits with Personalization,AISTATS,https://arxiv.org/pdf/2102.13101.pdf,AwesomeFL_PDF/fl in top ai conference and journal/2021_Federated Multi-armed Bandits with Personalization.pdf
fl in top ai conference and journal,2021,Towards Flexible Device Participation in Federated Learning,AISTATS,https://arxiv.org/pdf/2006.06954.pdf,AwesomeFL_PDF/fl in top ai conference and journal/2021_Towards Flexible Device Participation in Federated Learning.pdf
fl in top ai conference and journal,2020,Practical Federated Gradient Boosting Decision Trees,AAAI,https://arxiv.org/pdf/1911.04206.pdf,AwesomeFL_PDF/fl in top ai conference and journal/2020_Practical Federated Gradient Boosting Decision Trees.pdf
fl in top ai conference and journal,2020,Robust Federated Learning via Collaborative Machine Teaching,AAAI,https://arxiv.org/pdf/1905.02941.pdf,AwesomeFL_PDF/fl in top ai conference and journal/2020_Robust Federated Learning via Collaborative Machine Teaching.pdf
fl in top ai conference and journal,2020,FedVision: An Online Visual Object Detection Platform Powered by Federated Learning,AAAI,https://arxiv.org/pdf/2001.06202.pdf,AwesomeFL_PDF/fl in top ai conference and journal/2020_FedVision: An Online Visual Object Detection Platform Powered by Federated Learning.pdf
fl in top ai conference and journal,2020,FedPAQ: A Communication-Efficient Federated Learning Method with Periodic Averaging and Quantization,AISTATS,https://arxiv.org/pdf/1909.13014.pdf,AwesomeFL_PDF/fl in top ai conference and journal/2020_FedPAQ: A Communication-Efficient Federated Learning Method with Periodic Averaging and Qu.pdf
fl in top ai conference and journal,2020,How To Backdoor Federated Learning :fire:,AISTATS,https://arxiv.org/pdf/1807.00459.pdf,AwesomeFL_PDF/fl in top ai conference and journal/2020_How To Backdoor Federated Learning :fire:.pdf
fl in top ai conference and journal,2020,Federated Heavy Hitters Discovery with Differential Privacy,AISTATS,https://arxiv.org/pdf/1902.08534.pdf,AwesomeFL_PDF/fl in top ai conference and journal/2020_Federated Heavy Hitters Discovery with Differential Privacy.pdf
fl in top ml conference and journal,2024,Federated learning with superquantile aggregation for heterogeneous data.,Mach Learn,https://arxiv.org/pdf/2112.09429.pdf,AwesomeFL_PDF/fl in top ml conference and journal/2024_Federated learning with superquantile aggregation for heterogeneous data..pdf
fl in top ml conference and journal,2024,"Federated Gaussian Process: Convergence, Automatic Personalization and Multi-Fidelity Modeling",TPAMI,https://arxiv.org/pdf/2111.14008.pdf,"AwesomeFL_PDF/fl in top ml conference and journal/2024_Federated Gaussian Process: Convergence, Automatic Personalization and Multi-Fidelity Mode.pdf"
fl in top ml conference and journal,2024,Understanding and Mitigating Dimensional Collapse in Federated Learning,TPAMI,https://arxiv.org/pdf/2210.00226.pdf,AwesomeFL_PDF/fl in top ml conference and journal/2024_Understanding and Mitigating Dimensional Collapse in Federated Learning.pdf
fl in top ml conference and journal,2024,No One Left Behind: Real-World Federated Class-Incremental Learning,TPAMI,https://arxiv.org/pdf/2302.00903.pdf,AwesomeFL_PDF/fl in top ml conference and journal/2024_No One Left Behind: Real-World Federated Class-Incremental Learning.pdf
fl in top ml conference and journal,2024,Multi-Stage Asynchronous Federated Learning With Adaptive Differential Privacy,TPAMI,https://arxiv.org/pdf/1912.07902.pdf,AwesomeFL_PDF/fl in top ml conference and journal/2024_Multi-Stage Asynchronous Federated Learning With Adaptive Differential Privacy.pdf
fl in top ml conference and journal,2024,A Bayesian Federated Learning Framework With Online Laplace Approximation,TPAMI,https://arxiv.org/pdf/2102.01936.pdf,AwesomeFL_PDF/fl in top ml conference and journal/2024_A Bayesian Federated Learning Framework With Online Laplace Approximation.pdf
fl in top ml conference and journal,2024,One-shot Empirical Privacy Estimation for Federated Learning,ICLR,https://arxiv.org/pdf/2302.03098.pdf,AwesomeFL_PDF/fl in top ml conference and journal/2024_One-shot Empirical Privacy Estimation for Federated Learning.pdf
fl in top ml conference and journal,2024,Stochastic Controlled Averaging for Federated Learning with Communication Compression,ICLR,https://arxiv.org/pdf/2308.08165.pdf,AwesomeFL_PDF/fl in top ml conference and journal/2024_Stochastic Controlled Averaging for Federated Learning with Communication Compression.pdf
fl in top ml conference and journal,2024,A Lightweight Method for Tackling Unknown Participation Statistics in Federated Averaging,ICLR,https://arxiv.org/pdf/2306.03401.pdf,AwesomeFL_PDF/fl in top ml conference and journal/2024_A Lightweight Method for Tackling Unknown Participation Statistics in Federated Averaging.pdf
fl in top ml conference and journal,2024,Benchmarking Algorithms for Federated Domain Generalization,ICLR,https://arxiv.org/pdf/2307.04942.pdf,AwesomeFL_PDF/fl in top ml conference and journal/2024_Benchmarking Algorithms for Federated Domain Generalization.pdf
fl in top ml conference and journal,2024,Effective and Efficient Federated Tree Learning on Hybrid Data,ICLR,https://arxiv.org/pdf/2310.11865.pdf,AwesomeFL_PDF/fl in top ml conference and journal/2024_Effective and Efficient Federated Tree Learning on Hybrid Data.pdf
fl in top ml conference and journal,2024,Federated Recommendation with Additive Personalization,ICLR,https://arxiv.org/pdf/2301.09109.pdf,AwesomeFL_PDF/fl in top ml conference and journal/2024_Federated Recommendation with Additive Personalization.pdf
fl in top ml conference and journal,2024,Federated Orthogonal Training: Mitigating Global Catastrophic Forgetting in Continual Federated Learning,ICLR,https://arxiv.org/pdf/2309.01289.pdf,AwesomeFL_PDF/fl in top ml conference and journal/2024_Federated Orthogonal Training: Mitigating Global Catastrophic Forgetting in Continual Fede.pdf
fl in top ml conference and journal,2024,Federated Causal Discovery from Heterogeneous Data,ICLR,https://arxiv.org/pdf/2402.13241.pdf,AwesomeFL_PDF/fl in top ml conference and journal/2024_Federated Causal Discovery from Heterogeneous Data.pdf
fl in top ml conference and journal,2024,On Differentially Private Federated Linear Contextual Bandits,ICLR,https://arxiv.org/pdf/2302.13945.pdf,AwesomeFL_PDF/fl in top ml conference and journal/2024_On Differentially Private Federated Linear Contextual Bandits.pdf
fl in top ml conference and journal,2024,Incentivized Truthful Communication for Federated Bandits,ICLR,https://arxiv.org/pdf/2402.04485.pdf,AwesomeFL_PDF/fl in top ml conference and journal/2024_Incentivized Truthful Communication for Federated Bandits.pdf
fl in top ml conference and journal,2024,Text-driven Prompt Generation for Vision-Language Models in Federated Learning,ICLR,https://arxiv.org/pdf/2310.06123.pdf,AwesomeFL_PDF/fl in top ml conference and journal/2024_Text-driven Prompt Generation for Vision-Language Models in Federated Learning.pdf
fl in top ml conference and journal,2024,FedWon: Triumphing Multi-domain Federated Learning Without Normalization,ICLR,https://arxiv.org/pdf/2306.05879.pdf,AwesomeFL_PDF/fl in top ml conference and journal/2024_FedWon: Triumphing Multi-domain Federated Learning Without Normalization.pdf
fl in top ml conference and journal,2024,FedCompass: Efficient Cross-Silo Federated Learning on Heterogeneous Client Devices Using a Computing Power-Aware Scheduler,ICLR,https://arxiv.org/pdf/2309.14675.pdf,AwesomeFL_PDF/fl in top ml conference and journal/2024_FedCompass: Efficient Cross-Silo Federated Learning on Heterogeneous Client Devices Using .pdf
fl in top ml conference and journal,2024,Layer-wise linear mode connectivity,ICLR,https://arxiv.org/pdf/2307.06966.pdf,AwesomeFL_PDF/fl in top ml conference and journal/2024_Layer-wise linear mode connectivity.pdf
fl in top ml conference and journal,2024,Fake It Till Make It: Federated Learning with Consensus-Oriented Generation,ICLR,https://arxiv.org/pdf/2312.05966.pdf,AwesomeFL_PDF/fl in top ml conference and journal/2024_Fake It Till Make It: Federated Learning with Consensus-Oriented Generation.pdf
fl in top ml conference and journal,2024,Hiding in Plain Sight: Disguising Data Stealing Attacks in Federated Learning,ICLR,https://arxiv.org/pdf/2306.03013.pdf,AwesomeFL_PDF/fl in top ml conference and journal/2024_Hiding in Plain Sight: Disguising Data Stealing Attacks in Federated Learning.pdf
fl in top ml conference and journal,2024,Finite-Time Analysis of On-Policy Heterogeneous Federated Reinforcement Learning,ICLR,https://arxiv.org/pdf/2401.15273.pdf,AwesomeFL_PDF/fl in top ml conference and journal/2024_Finite-Time Analysis of On-Policy Heterogeneous Federated Reinforcement Learning.pdf
fl in top ml conference and journal,2024,Adaptive Federated Learning with Auto-Tuned Clients,ICLR,https://arxiv.org/pdf/2306.11201.pdf,AwesomeFL_PDF/fl in top ml conference and journal/2024_Adaptive Federated Learning with Auto-Tuned Clients.pdf
fl in top ml conference and journal,2024,Backdoor Federated Learning by Poisoning Backdoor-Critical Layers,ICLR,https://arxiv.org/pdf/2308.04466.pdf,AwesomeFL_PDF/fl in top ml conference and journal/2024_Backdoor Federated Learning by Poisoning Backdoor-Critical Layers.pdf
fl in top ml conference and journal,2024,Federated Q-Learning: Linear Regret Speedup with Low Communication Cost,ICLR,https://arxiv.org/pdf/2312.15023.pdf,AwesomeFL_PDF/fl in top ml conference and journal/2024_Federated Q-Learning: Linear Regret Speedup with Low Communication Cost.pdf
fl in top ml conference and journal,2024,FedImpro: Measuring and Improving Client Update in Federated Learning,ICLR,https://arxiv.org/pdf/2402.07011.pdf,AwesomeFL_PDF/fl in top ml conference and journal/2024_FedImpro: Measuring and Improving Client Update in Federated Learning.pdf
fl in top ml conference and journal,2024,Federated Wasserstein Distance,ICLR,https://arxiv.org/pdf/2310.01973.pdf,AwesomeFL_PDF/fl in top ml conference and journal/2024_Federated Wasserstein Distance.pdf
fl in top ml conference and journal,2024,Internal Cross-layer Gradients for Extending Homogeneity to Heterogeneity in Federated Learning,ICLR,https://arxiv.org/pdf/2308.11464.pdf,AwesomeFL_PDF/fl in top ml conference and journal/2024_Internal Cross-layer Gradients for Extending Homogeneity to Heterogeneity in Federated Lea.pdf
fl in top ml conference and journal,2024,Momentum Benefits Non-iid Federated Learning Simply and Provably,ICLR,https://arxiv.org/pdf/2306.16504.pdf,AwesomeFL_PDF/fl in top ml conference and journal/2024_Momentum Benefits Non-iid Federated Learning Simply and Provably.pdf
fl in top ml conference and journal,2024,Communication-Efficient Federated Non-Linear Bandit Optimization,ICLR,https://arxiv.org/pdf/2311.01695.pdf,AwesomeFL_PDF/fl in top ml conference and journal/2024_Communication-Efficient Federated Non-Linear Bandit Optimization.pdf
fl in top ml conference and journal,2024,Fair and Efficient Contribution Valuation for Vertical Federated Learning,ICLR,https://arxiv.org/pdf/2201.02658.pdf,AwesomeFL_PDF/fl in top ml conference and journal/2024_Fair and Efficient Contribution Valuation for Vertical Federated Learning.pdf
fl in top ml conference and journal,2024,Demystifying Local & Global Fairness Trade-offs in Federated Learning Using Partial Information Decomposition,ICLR,https://arxiv.org/pdf/2307.11333.pdf,AwesomeFL_PDF/fl in top ml conference and journal/2024_Demystifying Local & Global Fairness Trade-offs in Federated Learning Using Partial Inform.pdf
fl in top ml conference and journal,2024,PeFLL: Personalized Federated Learning by Learning to Learn,ICLR,https://arxiv.org/pdf/2306.05515.pdf,AwesomeFL_PDF/fl in top ml conference and journal/2024_PeFLL: Personalized Federated Learning by Learning to Learn.pdf
fl in top ml conference and journal,2024,Communication-Efficient Gradient  Descent-Accent Methods for Distributed Variational Inequalities: Unified Analysis and Local Updates,ICLR,https://arxiv.org/pdf/2306.05100.pdf,AwesomeFL_PDF/fl in top ml conference and journal/2024_Communication-Efficient Gradient  Descent-Accent Methods for Distributed Variational Inequ.pdf
fl in top ml conference and journal,2024,FedDA: Faster Adaptive Gradient Methods for Federated Constrained Optimization,ICLR,https://arxiv.org/pdf/2302.06103.pdf,AwesomeFL_PDF/fl in top ml conference and journal/2024_FedDA: Faster Adaptive Gradient Methods for Federated Constrained Optimization.pdf
fl in top ml conference and journal,2024,Robust Training of Federated Models with Extremely Label Deficiency,ICLR,https://arxiv.org/pdf/2402.14430.pdf,AwesomeFL_PDF/fl in top ml conference and journal/2024_Robust Training of Federated Models with Extremely Label Deficiency.pdf
fl in top ml conference and journal,2024,Towards Eliminating Hard Label Constraints in Gradient Inversion Attacks,ICLR,https://arxiv.org/pdf/2402.03124.pdf,AwesomeFL_PDF/fl in top ml conference and journal/2024_Towards Eliminating Hard Label Constraints in Gradient Inversion Attacks.pdf
fl in top ml conference and journal,2024,Local Composite Saddle Point Optimization,ICLR,https://arxiv.org/pdf/2305.15643.pdf,AwesomeFL_PDF/fl in top ml conference and journal/2024_Local Composite Saddle Point Optimization.pdf
fl in top ml conference and journal,2024,Enhancing Neural Training via a Correlated Dynamics Model,ICLR,https://arxiv.org/pdf/2312.13247.pdf,AwesomeFL_PDF/fl in top ml conference and journal/2024_Enhancing Neural Training via a Correlated Dynamics Model.pdf
fl in top ml conference and journal,2024,EControl: Fast Distributed Optimization with Compression and Error Control,ICLR,https://arxiv.org/pdf/2311.05645.pdf,AwesomeFL_PDF/fl in top ml conference and journal/2024_EControl: Fast Distributed Optimization with Compression and Error Control.pdf
fl in top ml conference and journal,2024,FedHyper: A Universal and Robust Learning Rate Scheduler for Federated Learning with Hypergradient Descent,ICLR,https://arxiv.org/pdf/2310.03156.pdf,AwesomeFL_PDF/fl in top ml conference and journal/2024_FedHyper: A Universal and Robust Learning Rate Scheduler for Federated Learning with Hyper.pdf
fl in top ml conference and journal,2024,VertiBench: Advancing Feature Distribution Diversity in Vertical Federated Learning Benchmarks,ICLR,https://arxiv.org/pdf/2307.02040.pdf,AwesomeFL_PDF/fl in top ml conference and journal/2024_VertiBench: Advancing Feature Distribution Diversity in Vertical Federated Learning Benchm.pdf
fl in top ml conference and journal,2024,FedLoGe: Joint Local and Generic Federated Learning under Long-tailed Data,ICLR,https://arxiv.org/pdf/2401.08977.pdf,AwesomeFL_PDF/fl in top ml conference and journal/2024_FedLoGe: Joint Local and Generic Federated Learning under Long-tailed Data.pdf
fl in top ml conference and journal,2023,"SimFBO: Towards Simple, Flexible and Communication-efficient Federated Bilevel Learning",NeurIPS,https://arxiv.org/pdf/2305.19442.pdf,"AwesomeFL_PDF/fl in top ml conference and journal/2023_SimFBO: Towards Simple, Flexible and Communication-efficient Federated Bilevel Learning.pdf"
fl in top ml conference and journal,2023,Mechanism Design for Collaborative Normal Mean Estimation,NeurIPS,https://arxiv.org/pdf/2306.06351.pdf,AwesomeFL_PDF/fl in top ml conference and journal/2023_Mechanism Design for Collaborative Normal Mean Estimation.pdf
fl in top ml conference and journal,2023,Robust Distributed Learning: Tight Error Bounds and Breakdown Point under Data Heterogeneity,NeurIPS,https://arxiv.org/pdf/2309.13591.pdf,AwesomeFL_PDF/fl in top ml conference and journal/2023_Robust Distributed Learning: Tight Error Bounds and Breakdown Point under Data Heterogenei.pdf
fl in top ml conference and journal,2023,Convergence Analysis of Sequential Federated Learning on Heterogeneous Data,NeurIPS,https://arxiv.org/pdf/2311.03154.pdf,AwesomeFL_PDF/fl in top ml conference and journal/2023_Convergence Analysis of Sequential Federated Learning on Heterogeneous Data.pdf
fl in top ml conference and journal,2023,Handling Data Heterogeneity via Architectural Design for Federated Visual Recognition,NeurIPS,https://arxiv.org/pdf/2310.15165.pdf,AwesomeFL_PDF/fl in top ml conference and journal/2023_Handling Data Heterogeneity via Architectural Design for Federated Visual Recognition.pdf
fl in top ml conference and journal,2023,Private Federated Frequency Estimation: Adapting to the Hardness of the Instance,NeurIPS,https://arxiv.org/pdf/2306.09396.pdf,AwesomeFL_PDF/fl in top ml conference and journal/2023_Private Federated Frequency Estimation: Adapting to the Hardness of the Instance.pdf
fl in top ml conference and journal,2023,"Zeroth-Order Methods for Nondifferentiable, Nonconvex, and Hierarchical Federated Optimization",NeurIPS,https://arxiv.org/pdf/2309.13024.pdf,"AwesomeFL_PDF/fl in top ml conference and journal/2023_Zeroth-Order Methods for Nondifferentiable, Nonconvex, and Hierarchical Federated Optimiza.pdf"
fl in top ml conference and journal,2023,Incentivized Communication for Federated Bandits,NeurIPS,https://arxiv.org/pdf/2309.11702.pdf,AwesomeFL_PDF/fl in top ml conference and journal/2023_Incentivized Communication for Federated Bandits.pdf
fl in top ml conference and journal,2023,Multiply Robust Federated Estimation of Targeted Average Treatment Effects,NeurIPS,https://arxiv.org/pdf/2309.12600.pdf,AwesomeFL_PDF/fl in top ml conference and journal/2023_Multiply Robust Federated Estimation of Targeted Average Treatment Effects.pdf
fl in top ml conference and journal,2023,EvoFed: Leveraging Evolutionary Strategies for Communication-Efficient Federated Learning,NeurIPS,https://arxiv.org/pdf/2311.07485.pdf,AwesomeFL_PDF/fl in top ml conference and journal/2023_EvoFed: Leveraging Evolutionary Strategies for Communication-Efficient Federated Learning.pdf
fl in top ml conference and journal,2023,Federated Linear Bandits with Finite Adversarial Actions,NeurIPS,https://arxiv.org/pdf/2311.00973.pdf,AwesomeFL_PDF/fl in top ml conference and journal/2023_Federated Linear Bandits with Finite Adversarial Actions.pdf
fl in top ml conference and journal,2023,FedNAR: Federated Optimization with Normalized Annealing Regularization,NeurIPS,https://arxiv.org/pdf/2310.03163.pdf,AwesomeFL_PDF/fl in top ml conference and journal/2023_FedNAR: Federated Optimization with Normalized Annealing Regularization.pdf
fl in top ml conference and journal,2023,Guiding The Last Layer in Federated Learning with Pre-Trained Models,NeurIPS,https://arxiv.org/pdf/2306.03937.pdf,AwesomeFL_PDF/fl in top ml conference and journal/2023_Guiding The Last Layer in Federated Learning with Pre-Trained Models.pdf
fl in top ml conference and journal,2023,Navigating Data Heterogeneity in Federated Learning: A Semi-Supervised Approach for Object Detection,NeurIPS,https://arxiv.org/pdf/2310.17097.pdf,AwesomeFL_PDF/fl in top ml conference and journal/2023_Navigating Data Heterogeneity in Federated Learning: A Semi-Supervised Approach for Object.pdf
fl in top ml conference and journal,2023,A Data-Free Approach to Mitigate Catastrophic Forgetting in Federated Class Incremental Learning for Vision Tasks,NeurIPS,https://arxiv.org/pdf/2311.07784.pdf,AwesomeFL_PDF/fl in top ml conference and journal/2023_A Data-Free Approach to Mitigate Catastrophic Forgetting in Federated Class Incremental Le.pdf
fl in top ml conference and journal,2023,Towards Personalized Federated Learning via Heterogeneous Model Reassembly,NeurIPS,https://arxiv.org/pdf/2308.08643.pdf,AwesomeFL_PDF/fl in top ml conference and journal/2023_Towards Personalized Federated Learning via Heterogeneous Model Reassembly.pdf
fl in top ml conference and journal,2023,Every Parameter Matters: Ensuring the Convergence of Federated Learning with Dynamic Heterogeneous Models Reduction,NeurIPS,https://arxiv.org/pdf/2310.08670.pdf,AwesomeFL_PDF/fl in top ml conference and journal/2023_Every Parameter Matters: Ensuring the Convergence of Federated Learning with Dynamic Heter.pdf
fl in top ml conference and journal,2023,DFRD: Data-Free Robustness Distillation for Heterogeneous Federated Learning,NeurIPS,https://arxiv.org/pdf/2309.13546.pdf,AwesomeFL_PDF/fl in top ml conference and journal/2023_DFRD: Data-Free Robustness Distillation for Heterogeneous Federated Learning.pdf
fl in top ml conference and journal,2023,RECESS Vaccine for Federated Learning: Proactive Defense Against Model Poisoning Attacks,NeurIPS,https://arxiv.org/pdf/2310.05431.pdf,AwesomeFL_PDF/fl in top ml conference and journal/2023_RECESS Vaccine for Federated Learning: Proactive Defense Against Model Poisoning Attacks.pdf
fl in top ml conference and journal,2023,FedL2P: Federated Learning to Personalize,NeurIPS,https://arxiv.org/pdf/2310.02420.pdf,AwesomeFL_PDF/fl in top ml conference and journal/2023_FedL2P: Federated Learning to Personalize.pdf
fl in top ml conference and journal,2023,Adaptive Test-Time Personalization for Federated Learning,NeurIPS,https://arxiv.org/pdf/2310.18816.pdf,AwesomeFL_PDF/fl in top ml conference and journal/2023_Adaptive Test-Time Personalization for Federated Learning.pdf
fl in top ml conference and journal,2023,Federated Conditional Stochastic Optimization,NeurIPS,https://arxiv.org/pdf/2310.02524.pdf,AwesomeFL_PDF/fl in top ml conference and journal/2023_Federated Conditional Stochastic Optimization.pdf
fl in top ml conference and journal,2023,Mobilizing Personalized Federated Learning in Infrastructure-Less and Heterogeneous Environments via Random Walk Stochastic ADMM,NeurIPS,https://arxiv.org/pdf/2304.12534.pdf,AwesomeFL_PDF/fl in top ml conference and journal/2023_Mobilizing Personalized Federated Learning in Infrastructure-Less and Heterogeneous Enviro.pdf
fl in top ml conference and journal,2023,FedGCN: Convergence-Communication Tradeoffs in Federated Training of Graph Convolutional Networks,NeurIPS,https://arxiv.org/pdf/2201.12433.pdf,AwesomeFL_PDF/fl in top ml conference and journal/2023_FedGCN: Convergence-Communication Tradeoffs in Federated Training of Graph Convolutional N.pdf
fl in top ml conference and journal,2023,Federated Multi-Objective Learning,NeurIPS,https://arxiv.org/pdf/2310.09866.pdf,AwesomeFL_PDF/fl in top ml conference and journal/2023_Federated Multi-Objective Learning.pdf
fl in top ml conference and journal,2023,FLuID: Mitigating Stragglers in Federated Learning using Invariant Dropout,NeurIPS,https://arxiv.org/pdf/2307.02623.pdf,AwesomeFL_PDF/fl in top ml conference and journal/2023_FLuID: Mitigating Stragglers in Federated Learning using Invariant Dropout.pdf
fl in top ml conference and journal,2023,Communication-Efficient Federated Bilevel Optimization with Global and Local Lower Level Problems,NeurIPS,https://arxiv.org/pdf/2302.06701.pdf,AwesomeFL_PDF/fl in top ml conference and journal/2023_Communication-Efficient Federated Bilevel Optimization with Global and Local Lower Level P.pdf
fl in top ml conference and journal,2023,StableFDG: Style and Attention Based Learning for Federated Domain Generalization,NeurIPS,https://arxiv.org/pdf/2311.00227.pdf,AwesomeFL_PDF/fl in top ml conference and journal/2023_StableFDG: Style and Attention Based Learning for Federated Domain Generalization.pdf
fl in top ml conference and journal,2023,Understanding How Consistency Works in Federated Learning via Stage-wise Relaxed Initialization,NeurIPS,https://arxiv.org/pdf/2306.05706.pdf,AwesomeFL_PDF/fl in top ml conference and journal/2023_Understanding How Consistency Works in Federated Learning via Stage-wise Relaxed Initializ.pdf
fl in top ml conference and journal,2023,DELTA: Diverse Client Sampling for Fasting Federated Learning,NeurIPS,https://arxiv.org/pdf/2205.13925.pdf,AwesomeFL_PDF/fl in top ml conference and journal/2023_DELTA: Diverse Client Sampling for Fasting Federated Learning.pdf
fl in top ml conference and journal,2023,Federated Compositional Deep AUC Maximization,NeurIPS,https://arxiv.org/pdf/2304.10101.pdf,AwesomeFL_PDF/fl in top ml conference and journal/2023_Federated Compositional Deep AUC Maximization.pdf
fl in top ml conference and journal,2023,Flow: Per-instance Personalized Federated Learning,NeurIPS,https://arxiv.org/pdf/2211.15281.pdf,AwesomeFL_PDF/fl in top ml conference and journal/2023_Flow: Per-instance Personalized Federated Learning.pdf
fl in top ml conference and journal,2023,Eliminating Domain Bias for Federated Learning in Representation Space,NeurIPS,https://arxiv.org/pdf/2311.14975.pdf,AwesomeFL_PDF/fl in top ml conference and journal/2023_Eliminating Domain Bias for Federated Learning in Representation Space.pdf
fl in top ml conference and journal,2023,Federated Learning with Manifold Regularization and Normalized Update Reaggregation,NeurIPS,https://arxiv.org/pdf/2311.05924.pdf,AwesomeFL_PDF/fl in top ml conference and journal/2023_Federated Learning with Manifold Regularization and Normalized Update Reaggregation.pdf
fl in top ml conference and journal,2023,Fed-GraB: Federated Long-tailed Learning with Self-Adjusting Gradient Balancer,NeurIPS,https://arxiv.org/pdf/2310.07587.pdf,AwesomeFL_PDF/fl in top ml conference and journal/2023_Fed-GraB: Federated Long-tailed Learning with Self-Adjusting Gradient Balancer.pdf
fl in top ml conference and journal,2023,Fed-CO$_{2}$ : Cooperation of Online and Offline Models for Severe Data Heterogeneity in Federated Learning,NeurIPS,https://arxiv.org/pdf/2312.13923.pdf,AwesomeFL_PDF/fl in top ml conference and journal/2023_Fed-CO$_{2}$ : Cooperation of Online and Offline Models for Severe Data Heterogeneity in F.pdf
fl in top ml conference and journal,2023,Solving a Class of Non-Convex  Minimax Optimization in Federated Learning,NeurIPS,https://arxiv.org/pdf/2310.03613.pdf,AwesomeFL_PDF/fl in top ml conference and journal/2023_Solving a Class of Non-Convex  Minimax Optimization in Federated Learning.pdf
fl in top ml conference and journal,2023,Improved Communication Efficiency in Federated Natural Policy Gradient via ADMM-based Gradient Updates,NeurIPS,https://arxiv.org/pdf/2310.19807.pdf,AwesomeFL_PDF/fl in top ml conference and journal/2023_Improved Communication Efficiency in Federated Natural Policy Gradient via ADMM-based Grad.pdf
fl in top ml conference and journal,2023,FedFed: Feature Distillation against Data Heterogeneity in Federated Learning,NeurIPS,https://arxiv.org/pdf/2310.05077.pdf,AwesomeFL_PDF/fl in top ml conference and journal/2023_FedFed: Feature Distillation against Data Heterogeneity in Federated Learning.pdf
fl in top ml conference and journal,2023,PRIOR: Personalized Prior for Reactivating the Information Overlooked in Federated Learning,NeurIPS,https://arxiv.org/pdf/2310.09183.pdf,AwesomeFL_PDF/fl in top ml conference and journal/2023_PRIOR: Personalized Prior for Reactivating the Information Overlooked in Federated Learnin.pdf
fl in top ml conference and journal,2023,Breaking the Communication-Privacy-Accuracy Tradeoff with $f$-Differential Privacy,NeurIPS,https://arxiv.org/pdf/2302.09624.pdf,AwesomeFL_PDF/fl in top ml conference and journal/2023_Breaking the Communication-Privacy-Accuracy Tradeoff with $f$-Differential Privacy.pdf
fl in top ml conference and journal,2023,Exact Optimality of Communication-Privacy-Utility Tradeoffs in Distributed Mean Estimation,NeurIPS,https://arxiv.org/pdf/2306.04924.pdf,AwesomeFL_PDF/fl in top ml conference and journal/2023_Exact Optimality of Communication-Privacy-Utility Tradeoffs in Distributed Mean Estimation.pdf
fl in top ml conference and journal,2023,(Amplified) Banded Matrix Factorization: A unified approach to private training,NeurIPS,https://arxiv.org/pdf/2306.08153.pdf,AwesomeFL_PDF/fl in top ml conference and journal/2023_(Amplified) Banded Matrix Factorization: A unified approach to private training.pdf
fl in top ml conference and journal,2023,Aggregating Capacity in FL through Successive Layer Training for Computationally-Constrained Devices,NeurIPS,https://arxiv.org/pdf/2305.17005.pdf,AwesomeFL_PDF/fl in top ml conference and journal/2023_Aggregating Capacity in FL through Successive Layer Training for Computationally-Constrain.pdf
fl in top ml conference and journal,2023,Privacy Amplification via Compression:  Achieving the Optimal Privacy-Accuracy-Communication Trade-off in  Distributed Mean Estimation,NeurIPS,https://arxiv.org/pdf/2304.01541.pdf,AwesomeFL_PDF/fl in top ml conference and journal/2023_Privacy Amplification via Compression:  Achieving the Optimal Privacy-Accuracy-Communicati.pdf
fl in top ml conference and journal,2023,Incentivizing Honesty among Competitors in Collaborative Learning and Optimization,NeurIPS,https://arxiv.org/pdf/2305.16272.pdf,AwesomeFL_PDF/fl in top ml conference and journal/2023_Incentivizing Honesty among Competitors in Collaborative Learning and Optimization.pdf
fl in top ml conference and journal,2023,Resilient Constrained Learning,NeurIPS,https://arxiv.org/pdf/2306.02426.pdf,AwesomeFL_PDF/fl in top ml conference and journal/2023_Resilient Constrained Learning.pdf
fl in top ml conference and journal,2023,A Computation and Communication Efficient Method for Distributed Nonconvex Problems in the Partial Participation Setting,NeurIPS,https://arxiv.org/pdf/2205.15580.pdf,AwesomeFL_PDF/fl in top ml conference and journal/2023_A Computation and Communication Efficient Method for Distributed Nonconvex Problems in the.pdf
fl in top ml conference and journal,2023,Collaboratively Learning Linear Models with Structured Missing Data,NeurIPS,https://arxiv.org/pdf/2307.11947.pdf,AwesomeFL_PDF/fl in top ml conference and journal/2023_Collaboratively Learning Linear Models with Structured Missing Data.pdf
fl in top ml conference and journal,2023,Gradient Descent with Linearly Correlated Noise: Theory and Applications to Differential Privacy,NeurIPS,https://arxiv.org/pdf/2302.01463.pdf,AwesomeFL_PDF/fl in top ml conference and journal/2023_Gradient Descent with Linearly Correlated Noise: Theory and Applications to Differential P.pdf
fl in top ml conference and journal,2023,Fast Optimal Locally Private Mean Estimation via Random Projections,NeurIPS,https://arxiv.org/pdf/2306.04444.pdf,AwesomeFL_PDF/fl in top ml conference and journal/2023_Fast Optimal Locally Private Mean Estimation via Random Projections.pdf
fl in top ml conference and journal,2023,Contextual Stochastic Bilevel Optimization,NeurIPS,https://arxiv.org/pdf/2310.18535.pdf,AwesomeFL_PDF/fl in top ml conference and journal/2023_Contextual Stochastic Bilevel Optimization.pdf
fl in top ml conference and journal,2023,Understanding Deep Gradient Leakage via Inversion Influence Functions,NeurIPS,https://arxiv.org/pdf/2309.13016.pdf,AwesomeFL_PDF/fl in top ml conference and journal/2023_Understanding Deep Gradient Leakage via Inversion Influence Functions.pdf
fl in top ml conference and journal,2023,Correlation Aware Sparsified Mean Estimation Using Random Projection,NeurIPS,https://arxiv.org/pdf/2310.18868.pdf,AwesomeFL_PDF/fl in top ml conference and journal/2023_Correlation Aware Sparsified Mean Estimation Using Random Projection.pdf
fl in top ml conference and journal,2023,TIES-Merging: Resolving Interference When Merging Models,NeurIPS,https://arxiv.org/pdf/2306.01708.pdf,AwesomeFL_PDF/fl in top ml conference and journal/2023_TIES-Merging: Resolving Interference When Merging Models.pdf
fl in top ml conference and journal,2023,Global Update Tracking: A Decentralized Learning Algorithm for Heterogeneous Data,NeurIPS,https://arxiv.org/pdf/2305.04792.pdf,AwesomeFL_PDF/fl in top ml conference and journal/2023_Global Update Tracking: A Decentralized Learning Algorithm for Heterogeneous Data.pdf
fl in top ml conference and journal,2023,Large-Scale Distributed Learning via Private On-Device LSH,NeurIPS,https://arxiv.org/pdf/2306.02563.pdf,AwesomeFL_PDF/fl in top ml conference and journal/2023_Large-Scale Distributed Learning via Private On-Device LSH.pdf
fl in top ml conference and journal,2023,Faster Relative Entropy Coding with Greedy Rejection Coding,NeurIPS,https://arxiv.org/pdf/2309.15746.pdf,AwesomeFL_PDF/fl in top ml conference and journal/2023_Faster Relative Entropy Coding with Greedy Rejection Coding.pdf
fl in top ml conference and journal,2023,Momentum Provably Improves Error Feedback!,NeurIPS,https://arxiv.org/pdf/2305.15155.pdf,AwesomeFL_PDF/fl in top ml conference and journal/2023_Momentum Provably Improves Error Feedback!.pdf
fl in top ml conference and journal,2023,Strategic Data Sharing between Competitors,NeurIPS,https://arxiv.org/pdf/2305.16052.pdf,AwesomeFL_PDF/fl in top ml conference and journal/2023_Strategic Data Sharing between Competitors.pdf
fl in top ml conference and journal,2023,Towards Federated Foundation Models: Scalable Dataset Pipelines for Group-Structured Learning,NeurIPS Datasets and Benchmarks,https://arxiv.org/pdf/2307.09619.pdf,AwesomeFL_PDF/fl in top ml conference and journal/2023_Towards Federated Foundation Models: Scalable Dataset Pipelines for Group-Structured Learn.pdf
fl in top ml conference and journal,2023,Personalized federated domain adaptation for item-to-item recommendation,UAI,https://arxiv.org/pdf/2306.03191.pdf,AwesomeFL_PDF/fl in top ml conference and journal/2023_Personalized federated domain adaptation for item-to-item recommendation.pdf
fl in top ml conference and journal,2023,Fed-LAMB: Layer-wise and Dimension-wise Locally Adaptive Federated Learning,UAI,https://arxiv.org/pdf/2110.00532.pdf,AwesomeFL_PDF/fl in top ml conference and journal/2023_Fed-LAMB: Layer-wise and Dimension-wise Locally Adaptive Federated Learning.pdf
fl in top ml conference and journal,2023,Fast Heterogeneous Federated Learning with Hybrid Client Selection,UAI,https://arxiv.org/pdf/2208.05135.pdf,AwesomeFL_PDF/fl in top ml conference and journal/2023_Fast Heterogeneous Federated Learning with Hybrid Client Selection.pdf
fl in top ml conference and journal,2023,Learning To Invert: Simple Adaptive Attacks for Gradient Inversion in Federated Learning,UAI,https://arxiv.org/pdf/2210.10880.pdf,AwesomeFL_PDF/fl in top ml conference and journal/2023_Learning To Invert: Simple Adaptive Attacks for Gradient Inversion in Federated Learning.pdf
fl in top ml conference and journal,2023,Dynamic Regularized Sharpness Aware Minimization in Federated Learning:  Approaching Global Consistency and Smooth Landscape,ICML,https://arxiv.org/pdf/2305.11584.pdf,AwesomeFL_PDF/fl in top ml conference and journal/2023_Dynamic Regularized Sharpness Aware Minimization in Federated Learning:  Approaching Globa.pdf
fl in top ml conference and journal,2023,Analysis of Error Feedback in Federated  Non-Convex Optimization with Biased Compression: Fast Convergence and  Partial Participation,ICML,https://arxiv.org/pdf/2211.14292.pdf,AwesomeFL_PDF/fl in top ml conference and journal/2023_Analysis of Error Feedback in Federated  Non-Convex Optimization with Biased Compression: .pdf
fl in top ml conference and journal,2023,FedHPO-Bench: A Benchmark Suite for Federated Hyperparameter Optimization,ICML,https://arxiv.org/pdf/2206.03966.pdf,AwesomeFL_PDF/fl in top ml conference and journal/2023_FedHPO-Bench: A Benchmark Suite for Federated Hyperparameter Optimization.pdf
fl in top ml conference and journal,2023,Federated Conformal Predictors for Distributed Uncertainty Quantification,ICML,https://arxiv.org/pdf/2305.17564.pdf,AwesomeFL_PDF/fl in top ml conference and journal/2023_Federated Conformal Predictors for Distributed Uncertainty Quantification.pdf
fl in top ml conference and journal,2023,Federated Adversarial Learning: A Framework with Convergence Analysis,ICML,https://arxiv.org/pdf/2208.03635.pdf,AwesomeFL_PDF/fl in top ml conference and journal/2023_Federated Adversarial Learning: A Framework with Convergence Analysis.pdf
fl in top ml conference and journal,2023,Federated Heavy Hitter Recovery under Linear Sketching,ICML,https://arxiv.org/pdf/2307.13347.pdf,AwesomeFL_PDF/fl in top ml conference and journal/2023_Federated Heavy Hitter Recovery under Linear Sketching.pdf
fl in top ml conference and journal,2023,Doubly Adversarial Federated Bandits,ICML,https://arxiv.org/pdf/2301.09223.pdf,AwesomeFL_PDF/fl in top ml conference and journal/2023_Doubly Adversarial Federated Bandits.pdf
fl in top ml conference and journal,2023,Achieving Linear Speedup in Non-IID Federated Bilevel Learning,ICML,https://arxiv.org/pdf/2302.05412.pdf,AwesomeFL_PDF/fl in top ml conference and journal/2023_Achieving Linear Speedup in Non-IID Federated Bilevel Learning.pdf
fl in top ml conference and journal,2023,One-Shot Federated Conformal Prediction,ICML,https://arxiv.org/pdf/2302.06322.pdf,AwesomeFL_PDF/fl in top ml conference and journal/2023_One-Shot Federated Conformal Prediction.pdf
fl in top ml conference and journal,2023,Federated Linear Contextual Bandits with User-level Differential Privacy,ICML,https://arxiv.org/pdf/2306.05275.pdf,AwesomeFL_PDF/fl in top ml conference and journal/2023_Federated Linear Contextual Bandits with User-level Differential Privacy.pdf
fl in top ml conference and journal,2023,Vertical Federated Graph Neural Network for Recommender System,ICML,https://arxiv.org/pdf/2303.05786.pdf,AwesomeFL_PDF/fl in top ml conference and journal/2023_Vertical Federated Graph Neural Network for Recommender System.pdf
fl in top ml conference and journal,2023,Communication-Efficient Federated Hypergradient Computation via Aggregated Iterative Differentiation,ICML,https://arxiv.org/pdf/2302.04969.pdf,AwesomeFL_PDF/fl in top ml conference and journal/2023_Communication-Efficient Federated Hypergradient Computation via Aggregated Iterative Diffe.pdf
fl in top ml conference and journal,2023,Personalized Subgraph Federated Learning,ICML,https://arxiv.org/pdf/2206.10206.pdf,AwesomeFL_PDF/fl in top ml conference and journal/2023_Personalized Subgraph Federated Learning.pdf
fl in top ml conference and journal,2023,Conformal Prediction for Federated Uncertainty Quantification Under Label Shift,ICML,https://arxiv.org/pdf/2306.05131.pdf,AwesomeFL_PDF/fl in top ml conference and journal/2023_Conformal Prediction for Federated Uncertainty Quantification Under Label Shift.pdf
fl in top ml conference and journal,2023,Secure Federated Correlation Test and Entropy Estimation,ICML,https://arxiv.org/pdf/2105.14618.pdf,AwesomeFL_PDF/fl in top ml conference and journal/2023_Secure Federated Correlation Test and Entropy Estimation.pdf
fl in top ml conference and journal,2023,Personalized Federated Learning under Mixture of Distributions,ICML,https://arxiv.org/pdf/2305.01068.pdf,AwesomeFL_PDF/fl in top ml conference and journal/2023_Personalized Federated Learning under Mixture of Distributions.pdf
fl in top ml conference and journal,2023,FedDisco: Federated Learning with Discrepancy-Aware Collaboration,ICML,https://arxiv.org/pdf/2305.19229.pdf,AwesomeFL_PDF/fl in top ml conference and journal/2023_FedDisco: Federated Learning with Discrepancy-Aware Collaboration.pdf
fl in top ml conference and journal,2023,Anchor Sampling for Federated Learning with Partial Client Participation,ICML,https://arxiv.org/pdf/2206.05891.pdf,AwesomeFL_PDF/fl in top ml conference and journal/2023_Anchor Sampling for Federated Learning with Partial Client Participation.pdf
fl in top ml conference and journal,2023,Private Federated Learning with Autotuned Compression,ICML,https://arxiv.org/pdf/2307.10999.pdf,AwesomeFL_PDF/fl in top ml conference and journal/2023_Private Federated Learning with Autotuned Compression.pdf
fl in top ml conference and journal,2023,On the Convergence of Federated Averaging with Cyclic Client Participation,ICML,https://arxiv.org/pdf/2302.03109.pdf,AwesomeFL_PDF/fl in top ml conference and journal/2023_On the Convergence of Federated Averaging with Cyclic Client Participation.pdf
fl in top ml conference and journal,2023,Revisiting Weighted Aggregation in Federated Learning with Neural Networks,ICML,https://arxiv.org/pdf/2302.10911.pdf,AwesomeFL_PDF/fl in top ml conference and journal/2023_Revisiting Weighted Aggregation in Federated Learning with Neural Networks.pdf
fl in top ml conference and journal,2023,The Blessing of Heterogeneity in Federated Q-Learning: Linear Speedup and Beyond,ICML,https://arxiv.org/pdf/2305.10697.pdf,AwesomeFL_PDF/fl in top ml conference and journal/2023_The Blessing of Heterogeneity in Federated Q-Learning: Linear Speedup and Beyond.pdf
fl in top ml conference and journal,2023,DoCoFL: Downlink Compression for Cross-Device Federated Learning,ICML,https://arxiv.org/pdf/2302.00543.pdf,AwesomeFL_PDF/fl in top ml conference and journal/2023_DoCoFL: Downlink Compression for Cross-Device Federated Learning.pdf
fl in top ml conference and journal,2023,FeDXL: Provable Federated Learning for Deep X-Risk Optimization,ICML,https://arxiv.org/pdf/2210.14396.pdf,AwesomeFL_PDF/fl in top ml conference and journal/2023_FeDXL: Provable Federated Learning for Deep X-Risk Optimization.pdf
fl in top ml conference and journal,2023,Optimizing the Collaboration Structure in Cross-Silo Federated Learning,ICML,https://arxiv.org/pdf/2306.06508.pdf,AwesomeFL_PDF/fl in top ml conference and journal/2023_Optimizing the Collaboration Structure in Cross-Silo Federated Learning.pdf
fl in top ml conference and journal,2023,TabLeak: Tabular Data Leakage in Federated Learning,ICML,https://arxiv.org/pdf/2210.01785.pdf,AwesomeFL_PDF/fl in top ml conference and journal/2023_TabLeak: Tabular Data Leakage in Federated Learning.pdf
fl in top ml conference and journal,2023,Fed-CBS: A Heterogeneity-Aware Client Sampling Mechanism for Federated Learning via Class-Imbalance Reduction,ICML,https://arxiv.org/pdf/2209.15245.pdf,AwesomeFL_PDF/fl in top ml conference and journal/2023_Fed-CBS: A Heterogeneity-Aware Client Sampling Mechanism for Federated Learning via Class-.pdf
fl in top ml conference and journal,2023,Privacy-Aware Compression for Federated Learning Through Numerical Mechanism Design,ICML,https://arxiv.org/pdf/2211.03942.pdf,AwesomeFL_PDF/fl in top ml conference and journal/2023_Privacy-Aware Compression for Federated Learning Through Numerical Mechanism Design.pdf
fl in top ml conference and journal,2023,Efficient Personalized Federated Learning via Sparse Model-Adaptation,ICML,https://arxiv.org/pdf/2305.02776.pdf,AwesomeFL_PDF/fl in top ml conference and journal/2023_Efficient Personalized Federated Learning via Sparse Model-Adaptation.pdf
fl in top ml conference and journal,2023,From Noisy Fixed-Point Iterations to Private ADMM for Centralized and Federated Learning,ICML,https://arxiv.org/pdf/2302.12559.pdf,AwesomeFL_PDF/fl in top ml conference and journal/2023_From Noisy Fixed-Point Iterations to Private ADMM for Centralized and Federated Learning.pdf
fl in top ml conference and journal,2023,FedVS: Straggler-Resilient and Privacy-Preserving Vertical Federated Learning for Split Models,ICML,https://arxiv.org/pdf/2304.13407.pdf,AwesomeFL_PDF/fl in top ml conference and journal/2023_FedVS: Straggler-Resilient and Privacy-Preserving Vertical Federated Learning for Split Mo.pdf
fl in top ml conference and journal,2023,FedBR: Improving Federated Learning on Heterogeneous Data via Local Learning Bias Reduction,ICML,https://arxiv.org/pdf/2205.13462.pdf,AwesomeFL_PDF/fl in top ml conference and journal/2023_FedBR: Improving Federated Learning on Heterogeneous Data via Local Learning Bias Reductio.pdf
fl in top ml conference and journal,2023,Towards Unbiased Training in Federated Open-world Semi-supervised Learning,ICML,https://arxiv.org/pdf/2305.00771.pdf,AwesomeFL_PDF/fl in top ml conference and journal/2023_Towards Unbiased Training in Federated Open-world Semi-supervised Learning.pdf
fl in top ml conference and journal,2023,Cocktail Party Attack: Breaking Aggregation-Based Privacy in Federated Learning Using Independent Component Analysis,ICML,https://arxiv.org/pdf/2209.05578.pdf,AwesomeFL_PDF/fl in top ml conference and journal/2023_Cocktail Party Attack: Breaking Aggregation-Based Privacy in Federated Learning Using Inde.pdf
fl in top ml conference and journal,2023,Surrogate Model Extension (SME): A Fast and Accurate Weight Update Attack on Federated Learning,ICML,https://arxiv.org/pdf/2306.00127.pdf,AwesomeFL_PDF/fl in top ml conference and journal/2023_Surrogate Model Extension (SME): A Fast and Accurate Weight Update Attack on Federated Lea.pdf
fl in top ml conference and journal,2023,Sketching for First Order Method: Efficient Algorithm for Low-Bandwidth Channel and Vulnerability,ICML,https://arxiv.org/pdf/2210.08371.pdf,AwesomeFL_PDF/fl in top ml conference and journal/2023_Sketching for First Order Method: Efficient Algorithm for Low-Bandwidth Channel and Vulner.pdf
fl in top ml conference and journal,2023,XTab: Cross-table Pretraining for Tabular Transformers,ICML,https://arxiv.org/pdf/2305.06090.pdf,AwesomeFL_PDF/fl in top ml conference and journal/2023_XTab: Cross-table Pretraining for Tabular Transformers.pdf
fl in top ml conference and journal,2023,Byzantine-Robust Learning on Heterogeneous Data via Gradient Splitting,ICML,https://arxiv.org/pdf/2302.06079.pdf,AwesomeFL_PDF/fl in top ml conference and journal/2023_Byzantine-Robust Learning on Heterogeneous Data via Gradient Splitting.pdf
fl in top ml conference and journal,2023,LESS-VFL: Communication-Efficient Feature Selection for Vertical Federated Learning,ICML,https://arxiv.org/pdf/2305.02219.pdf,AwesomeFL_PDF/fl in top ml conference and journal/2023_LESS-VFL: Communication-Efficient Feature Selection for Vertical Federated Learning.pdf
fl in top ml conference and journal,2023,FedLab: A Flexible Federated Learning Framework :fire:,JMLR,https://arxiv.org/pdf/2107.11621.pdf,AwesomeFL_PDF/fl in top ml conference and journal/2023_FedLab: A Flexible Federated Learning Framework :fire:.pdf
fl in top ml conference and journal,2023,Memory-Based Optimization Methods for Model-Agnostic Meta-Learning and Personalized Federated Learning,JMLR,https://arxiv.org/pdf/2106.04911.pdf,AwesomeFL_PDF/fl in top ml conference and journal/2023_Memory-Based Optimization Methods for Model-Agnostic Meta-Learning and Personalized Federa.pdf
fl in top ml conference and journal,2023,A First Look into the Carbon Footprint of Federated Learning,JMLR,https://arxiv.org/pdf/2102.07627.pdf,AwesomeFL_PDF/fl in top ml conference and journal/2023_A First Look into the Carbon Footprint of Federated Learning.pdf
fl in top ml conference and journal,2023,A General Theory for Federated Optimization with Asynchronous and Heterogeneous Clients Updates,JMLR,https://arxiv.org/pdf/2206.10189.pdf,AwesomeFL_PDF/fl in top ml conference and journal/2023_A General Theory for Federated Optimization with Asynchronous and Heterogeneous Clients Up.pdf
fl in top ml conference and journal,2023,Tighter Regret Analysis and Optimization of Online Federated Learning,TPAMI,https://arxiv.org/pdf/2205.06491.pdf,AwesomeFL_PDF/fl in top ml conference and journal/2023_Tighter Regret Analysis and Optimization of Online Federated Learning.pdf
fl in top ml conference and journal,2023,Efficient Federated Learning Via Local Adaptive Amended Optimizer With Linear Speedup,TPAMI,https://arxiv.org/pdf/2308.00522.pdf,AwesomeFL_PDF/fl in top ml conference and journal/2023_Efficient Federated Learning Via Local Adaptive Amended Optimizer With Linear Speedup.pdf
fl in top ml conference and journal,2023,Federated Learning Via Inexact ADMM.,TPAMI,https://arxiv.org/pdf/2204.10607.pdf,AwesomeFL_PDF/fl in top ml conference and journal/2023_Federated Learning Via Inexact ADMM..pdf
fl in top ml conference and journal,2023,FedIPR: Ownership Verification for Federated Deep Neural Network Models,TPAMI,https://arxiv.org/pdf/2109.13236.pdf,AwesomeFL_PDF/fl in top ml conference and journal/2023_FedIPR: Ownership Verification for Federated Deep Neural Network Models.pdf
fl in top ml conference and journal,2023,Decentralized Federated Averaging,TPAMI,https://arxiv.org/pdf/2104.11375.pdf,AwesomeFL_PDF/fl in top ml conference and journal/2023_Decentralized Federated Averaging.pdf
fl in top ml conference and journal,2023,Single-shot General Hyper-parameter Optimization for Federated Learning,ICLR,https://arxiv.org/pdf/2202.08338.pdf,AwesomeFL_PDF/fl in top ml conference and journal/2023_Single-shot General Hyper-parameter Optimization for Federated Learning.pdf
fl in top ml conference and journal,2023,Where to Begin? Exploring the Impact of Pre-Training and Initialization in Federated,ICLR,https://arxiv.org/pdf/2206.15387.pdf,AwesomeFL_PDF/fl in top ml conference and journal/2023_Where to Begin Exploring the Impact of Pre-Training and Initialization in Federated.pdf
fl in top ml conference and journal,2023,FedExP: Speeding up Federated Averaging via Extrapolation,ICLR,https://arxiv.org/pdf/2301.09604.pdf,AwesomeFL_PDF/fl in top ml conference and journal/2023_FedExP: Speeding up Federated Averaging via Extrapolation.pdf
fl in top ml conference and journal,2023,DASHA: Distributed Nonconvex Optimization with Communication Compression and Optimal Oracle Complexity,ICLR,https://arxiv.org/pdf/2202.01268.pdf,AwesomeFL_PDF/fl in top ml conference and journal/2023_DASHA: Distributed Nonconvex Optimization with Communication Compression and Optimal Oracl.pdf
fl in top ml conference and journal,2023,Machine Unlearning of Federated Clusters,ICLR,https://arxiv.org/pdf/2210.16424.pdf,AwesomeFL_PDF/fl in top ml conference and journal/2023_Machine Unlearning of Federated Clusters.pdf
fl in top ml conference and journal,2023,FedFA:  Federated Feature Augmentation,ICLR,https://arxiv.org/pdf/2301.12995.pdf,AwesomeFL_PDF/fl in top ml conference and journal/2023_FedFA:  Federated Feature Augmentation.pdf
fl in top ml conference and journal,2023,Federated Learning as Variational Inference: A Scalable Expectation Propagation Approach,ICLR,https://arxiv.org/pdf/2302.04228.pdf,AwesomeFL_PDF/fl in top ml conference and journal/2023_Federated Learning as Variational Inference: A Scalable Expectation Propagation Approach.pdf
fl in top ml conference and journal,2023,Federated Learning from Small Datasets,ICLR,https://arxiv.org/pdf/2110.03469.pdf,AwesomeFL_PDF/fl in top ml conference and journal/2023_Federated Learning from Small Datasets.pdf
fl in top ml conference and journal,2023,Federated Nearest Neighbor Machine Translation,ICLR,https://arxiv.org/pdf/2302.12211.pdf,AwesomeFL_PDF/fl in top ml conference and journal/2023_Federated Nearest Neighbor Machine Translation.pdf
fl in top ml conference and journal,2023,Meta Knowledge Condensation for Federated Learning,ICLR,https://arxiv.org/pdf/2209.14851.pdf,AwesomeFL_PDF/fl in top ml conference and journal/2023_Meta Knowledge Condensation for Federated Learning.pdf
fl in top ml conference and journal,2023,Test-Time Robust Personalization for Federated Learning,ICLR,https://arxiv.org/pdf/2205.10920.pdf,AwesomeFL_PDF/fl in top ml conference and journal/2023_Test-Time Robust Personalization for Federated Learning.pdf
fl in top ml conference and journal,2023,Towards Understanding and Mitigating Dimensional Collapse in Heterogeneous Federated Learning,ICLR,https://arxiv.org/pdf/2210.00226.pdf,AwesomeFL_PDF/fl in top ml conference and journal/2023_Towards Understanding and Mitigating Dimensional Collapse in Heterogeneous Federated Learn.pdf
fl in top ml conference and journal,2023,SWIFT: Rapid Decentralized Federated Learning via Wait-Free Model Communication,ICLR,https://arxiv.org/pdf/2210.14026.pdf,AwesomeFL_PDF/fl in top ml conference and journal/2023_SWIFT: Rapid Decentralized Federated Learning via Wait-Free Model Communication.pdf
fl in top ml conference and journal,2023,Private Federated Learning Without a Trusted Server: Optimal Algorithms for Convex Losses,ICLR,https://arxiv.org/pdf/2106.09779.pdf,AwesomeFL_PDF/fl in top ml conference and journal/2023_Private Federated Learning Without a Trusted Server: Optimal Algorithms for Convex Losses.pdf
fl in top ml conference and journal,2023,FiT: Parameter Efficient Few-shot Transfer Learning for Personalized and Federated Image Classification,ICLR,https://arxiv.org/pdf/2206.08671.pdf,AwesomeFL_PDF/fl in top ml conference and journal/2023_FiT: Parameter Efficient Few-shot Transfer Learning for Personalized and Federated Image C.pdf
fl in top ml conference and journal,2023,Multimodal Federated Learning via Contrastive Representation Ensemble,ICLR,https://arxiv.org/pdf/2302.08888.pdf,AwesomeFL_PDF/fl in top ml conference and journal/2023_Multimodal Federated Learning via Contrastive Representation Ensemble.pdf
fl in top ml conference and journal,2023,Faster federated optimization under second-order similarity,ICLR,https://arxiv.org/pdf/2209.02257.pdf,AwesomeFL_PDF/fl in top ml conference and journal/2023_Faster federated optimization under second-order similarity.pdf
fl in top ml conference and journal,2023,The Best of Both Worlds: Accurate  Global and Personalized Models through Federated Learning with Data-Free Hyper-Knowledge Distillation,ICLR,https://arxiv.org/pdf/2301.08968.pdf,AwesomeFL_PDF/fl in top ml conference and journal/2023_The Best of Both Worlds: Accurate  Global and Personalized Models through Federated Learni.pdf
fl in top ml conference and journal,2023,FedDAR: Federated Domain-Aware Representation Learning,ICLR,https://arxiv.org/pdf/2209.04007.pdf,AwesomeFL_PDF/fl in top ml conference and journal/2023_FedDAR: Federated Domain-Aware Representation Learning.pdf
fl in top ml conference and journal,2023,FLIP: A Provable Defense Framework for Backdoor Mitigation in Federated Learning,ICLR,https://arxiv.org/pdf/2210.12873.pdf,AwesomeFL_PDF/fl in top ml conference and journal/2023_FLIP: A Provable Defense Framework for Backdoor Mitigation in Federated Learning.pdf
fl in top ml conference and journal,2023,On the Importance and Applicability of Pre-Training for Federated Learning,ICLR,https://arxiv.org/pdf/2206.11488.pdf,AwesomeFL_PDF/fl in top ml conference and journal/2023_On the Importance and Applicability of Pre-Training for Federated Learning.pdf
fl in top ml conference and journal,2023,Decepticons: Corrupted Transformers Breach Privacy in Federated Learning for Language Models,ICLR,https://arxiv.org/pdf/2201.12675.pdf,AwesomeFL_PDF/fl in top ml conference and journal/2023_Decepticons: Corrupted Transformers Breach Privacy in Federated Learning for Language Mode.pdf
fl in top ml conference and journal,2023,"A Statistical Framework for Personalized Federated Learning and Estimation: Theory, Algorithms, and Privacy",ICLR,https://arxiv.org/pdf/2207.01771.pdf,"AwesomeFL_PDF/fl in top ml conference and journal/2023_A Statistical Framework for Personalized Federated Learning and Estimation: Theory, Algori.pdf"
fl in top ml conference and journal,2023,CANIFE: Crafting Canaries for Empirical Privacy Measurement in Federated Learning,ICLR,https://arxiv.org/pdf/2210.02912.pdf,AwesomeFL_PDF/fl in top ml conference and journal/2023_CANIFE: Crafting Canaries for Empirical Privacy Measurement in Federated Learning.pdf
fl in top ml conference and journal,2023,Sparse Random Networks for Communication-Efficient Federated Learning,ICLR,https://arxiv.org/pdf/2209.15328.pdf,AwesomeFL_PDF/fl in top ml conference and journal/2023_Sparse Random Networks for Communication-Efficient Federated Learning.pdf
fl in top ml conference and journal,2023,Hyperparameter Optimization through Neural Network Partitioning,ICLR,https://arxiv.org/pdf/2304.14766.pdf,AwesomeFL_PDF/fl in top ml conference and journal/2023_Hyperparameter Optimization through Neural Network Partitioning.pdf
fl in top ml conference and journal,2023,Does Decentralized Learning with Non-IID Unlabeled Data Benefit from Self Supervision?,ICLR,https://arxiv.org/pdf/2210.10947.pdf,AwesomeFL_PDF/fl in top ml conference and journal/2023_Does Decentralized Learning with Non-IID Unlabeled Data Benefit from Self Supervision.pdf
fl in top ml conference and journal,2023,"Variance Reduction is an Antidote  to Byzantines: Better Rates, Weaker Assumptions and Communication  Compression as a Cherry on the Top",ICLR,https://arxiv.org/pdf/2206.00529.pdf,"AwesomeFL_PDF/fl in top ml conference and journal/2023_Variance Reduction is an Antidote  to Byzantines: Better Rates, Weaker Assumptions and Com.pdf"
fl in top ml conference and journal,2023,Dual Diffusion Implicit Bridges for Image-to-Image Translation,ICLR,https://arxiv.org/pdf/2203.08382.pdf,AwesomeFL_PDF/fl in top ml conference and journal/2023_Dual Diffusion Implicit Bridges for Image-to-Image Translation.pdf
fl in top ml conference and journal,2022,"An accurate, scalable and verifiable protocol for federated differentially private averaging",Mach Learn,https://arxiv.org/pdf/2006.07218.pdf,"AwesomeFL_PDF/fl in top ml conference and journal/2022_An accurate, scalable and verifiable protocol for federated differentially private averagi.pdf"
fl in top ml conference and journal,2022,Federated online clustering of bandits.,UAI,https://arxiv.org/pdf/2208.14865.pdf,AwesomeFL_PDF/fl in top ml conference and journal/2022_Federated online clustering of bandits..pdf
fl in top ml conference and journal,2022,Privacy-aware compression for federated data analysis.,UAI,https://arxiv.org/pdf/2203.08134.pdf,AwesomeFL_PDF/fl in top ml conference and journal/2022_Privacy-aware compression for federated data analysis..pdf
fl in top ml conference and journal,2022,Faster non-convex federated learning via global and local momentum.,UAI,https://arxiv.org/pdf/2012.04061.pdf,AwesomeFL_PDF/fl in top ml conference and journal/2022_Faster non-convex federated learning via global and local momentum..pdf
fl in top ml conference and journal,2022,Fedvarp: Tackling the variance due to partial client participation in federated learning.,UAI,https://arxiv.org/pdf/2207.14130.pdf,AwesomeFL_PDF/fl in top ml conference and journal/2022_Fedvarp: Tackling the variance due to partial client participation in federated learning..pdf
fl in top ml conference and journal,2022,SASH: Efficient secure aggregation based on SHPRG for federated learning,UAI,https://arxiv.org/pdf/2111.12321.pdf,AwesomeFL_PDF/fl in top ml conference and journal/2022_SASH: Efficient secure aggregation based on SHPRG for federated learning.pdf
fl in top ml conference and journal,2022,Bayesian federated estimation of causal effects from observational data,UAI,https://arxiv.org/pdf/2106.00456.pdf,AwesomeFL_PDF/fl in top ml conference and journal/2022_Bayesian federated estimation of causal effects from observational data.pdf
fl in top ml conference and journal,2022,Communication Acceleration of Local Gradient Methods via an Accelerated Primal-Dual Algorithm with an Inexact Prox,NeurIPS,https://arxiv.org/pdf/2207.03957.pdf,AwesomeFL_PDF/fl in top ml conference and journal/2022_Communication Acceleration of Local Gradient Methods via an Accelerated Primal-Dual Algori.pdf
fl in top ml conference and journal,2022,FedAvg with Fine Tuning: Local Updates Lead to Representation Learning,NeurIPS,https://arxiv.org/pdf/2205.13692.pdf,AwesomeFL_PDF/fl in top ml conference and journal/2022_FedAvg with Fine Tuning: Local Updates Lead to Representation Learning.pdf
fl in top ml conference and journal,2022,"On Convergence of FedProx: Local Dissimilarity Invariant Bounds, Non-smoothness and Beyond",NeurIPS,https://arxiv.org/pdf/2206.05187.pdf,"AwesomeFL_PDF/fl in top ml conference and journal/2022_On Convergence of FedProx: Local Dissimilarity Invariant Bounds, Non-smoothness and Beyond.pdf"
fl in top ml conference and journal,2022,Decentralized Gossip-Based Stochastic Bilevel Optimization over Communication Networks,NeurIPS,https://arxiv.org/pdf/2206.10870.pdf,AwesomeFL_PDF/fl in top ml conference and journal/2022_Decentralized Gossip-Based Stochastic Bilevel Optimization over Communication Networks.pdf
fl in top ml conference and journal,2022,Subspace Recovery from Heterogeneous Data with Non-isotropic Noise,NeurIPS,https://arxiv.org/pdf/2210.13497.pdf,AwesomeFL_PDF/fl in top ml conference and journal/2022_Subspace Recovery from Heterogeneous Data with Non-isotropic Noise.pdf
fl in top ml conference and journal,2022,EF-BV:  A Unified Theory of Error Feedback and Variance Reduction Mechanisms  for Biased and Unbiased Compression in Distributed Optimization,NeurIPS,https://arxiv.org/pdf/2205.04180.pdf,AwesomeFL_PDF/fl in top ml conference and journal/2022_EF-BV:  A Unified Theory of Error Feedback and Variance Reduction Mechanisms  for Biased a.pdf
fl in top ml conference and journal,2022,Improved Utility Analysis of Private CountSketch,NeurIPS,https://arxiv.org/pdf/2205.08397.pdf,AwesomeFL_PDF/fl in top ml conference and journal/2022_Improved Utility Analysis of Private CountSketch.pdf
fl in top ml conference and journal,2022,Decentralized Local Stochastic Extra-Gradient for Variational Inequalities,NeurIPS,https://arxiv.org/pdf/2106.08315.pdf,AwesomeFL_PDF/fl in top ml conference and journal/2022_Decentralized Local Stochastic Extra-Gradient for Variational Inequalities.pdf
fl in top ml conference and journal,2022,BEER: Fast O(1/T) Rate for Decentralized Nonconvex Optimization with Communication Compression,NeurIPS,https://arxiv.org/pdf/2201.13320.pdf,AwesomeFL_PDF/fl in top ml conference and journal/2022_BEER: Fast O(1T) Rate for Decentralized Nonconvex Optimization with Communication Compress.pdf
fl in top ml conference and journal,2022,Escaping Saddle Points with Bias-Variance Reduced Local Perturbed SGD for Communication Efficient Nonconvex Distributed Learning,NeurIPS,https://arxiv.org/pdf/2202.06083.pdf,AwesomeFL_PDF/fl in top ml conference and journal/2022_Escaping Saddle Points with Bias-Variance Reduced Local Perturbed SGD for Communication Ef.pdf
fl in top ml conference and journal,2022,Near-Optimal Collaborative Learning in Bandits,NeurIPS,https://arxiv.org/pdf/2206.00121.pdf,AwesomeFL_PDF/fl in top ml conference and journal/2022_Near-Optimal Collaborative Learning in Bandits.pdf
fl in top ml conference and journal,2022,"Distributed Methods with Compressed Communication for Solving Variational Inequalities, with Theoretical Guarantees",NeurIPS,https://arxiv.org/pdf/2110.03313.pdf,"AwesomeFL_PDF/fl in top ml conference and journal/2022_Distributed Methods with Compressed Communication for Solving Variational Inequalities, wi.pdf"
fl in top ml conference and journal,2022,FedPop: A Bayesian Approach for Personalised Federated Learning,NeurIPS,https://arxiv.org/pdf/2206.03611.pdf,AwesomeFL_PDF/fl in top ml conference and journal/2022_FedPop: A Bayesian Approach for Personalised Federated Learning.pdf
fl in top ml conference and journal,2022,SecureFedYJ: a safe feature Gaussianization protocol for Federated Learning,NeurIPS,https://arxiv.org/pdf/2210.01639.pdf,AwesomeFL_PDF/fl in top ml conference and journal/2022_SecureFedYJ: a safe feature Gaussianization protocol for Federated Learning.pdf
fl in top ml conference and journal,2022,DReS-FL: Dropout-Resilient Secure Federated Learning for Non-IID Clients via Secret Data Sharing,NeurIPS,https://arxiv.org/pdf/2210.02680.pdf,AwesomeFL_PDF/fl in top ml conference and journal/2022_DReS-FL: Dropout-Resilient Secure Federated Learning for Non-IID Clients via Secret Data S.pdf
fl in top ml conference and journal,2022,"Variance Reduced ProxSkip: Algorithm, Theory and Application to Federated Learning",NeurIPS,https://arxiv.org/pdf/2207.04338.pdf,"AwesomeFL_PDF/fl in top ml conference and journal/2022_Variance Reduced ProxSkip: Algorithm, Theory and Application to Federated Learning.pdf"
fl in top ml conference and journal,2022,DENSE: Data-Free One-Shot Federated Learning,NeurIPS,https://arxiv.org/pdf/2112.12371.pdf,AwesomeFL_PDF/fl in top ml conference and journal/2022_DENSE: Data-Free One-Shot Federated Learning.pdf
fl in top ml conference and journal,2022,CalFAT: Calibrated Federated Adversarial Training with Label Skewness,NeurIPS,https://arxiv.org/pdf/2205.14926.pdf,AwesomeFL_PDF/fl in top ml conference and journal/2022_CalFAT: Calibrated Federated Adversarial Training with Label Skewness.pdf
fl in top ml conference and journal,2022,SAGDA: Achieving O(ϵ−2) Communication Complexity in Federated Min-Max Learning,NeurIPS,https://arxiv.org/pdf/2210.00611.pdf,AwesomeFL_PDF/fl in top ml conference and journal/2022_SAGDA: Achieving O(ϵ−2) Communication Complexity in Federated Min-Max Learning.pdf
fl in top ml conference and journal,2022,Taming Fat-Tailed (“Heavier-Tailed” with Potentially Infinite Variance) Noise in Federated Learning,NeurIPS,https://arxiv.org/pdf/2210.00690.pdf,AwesomeFL_PDF/fl in top ml conference and journal/2022_Taming Fat-Tailed (“Heavier-Tailed” with Potentially Infinite Variance) Noise in Federated.pdf
fl in top ml conference and journal,2022,BooNTK: Convexifying Federated Learning using Bootstrapped Neural Tangent Kernels,NeurIPS,https://arxiv.org/pdf/2207.06343.pdf,AwesomeFL_PDF/fl in top ml conference and journal/2022_BooNTK: Convexifying Federated Learning using Bootstrapped Neural Tangent Kernels.pdf
fl in top ml conference and journal,2022,SoteriaFL: A Unified Framework for Private Federated Learning with Communication Compression,NeurIPS,https://arxiv.org/pdf/2206.09888.pdf,AwesomeFL_PDF/fl in top ml conference and journal/2022_SoteriaFL: A Unified Framework for Private Federated Learning with Communication Compressi.pdf
fl in top ml conference and journal,2022,Coresets for Vertical Federated Learning: Regularized Linear Regression and K-Means Clustering,NeurIPS,https://arxiv.org/pdf/2210.14664.pdf,AwesomeFL_PDF/fl in top ml conference and journal/2022_Coresets for Vertical Federated Learning: Regularized Linear Regression and K-Means Cluste.pdf
fl in top ml conference and journal,2022,Recovering Private Text in Federated Learning of Language Models,NeurIPS,https://arxiv.org/pdf/2205.08514.pdf,AwesomeFL_PDF/fl in top ml conference and journal/2022_Recovering Private Text in Federated Learning of Language Models.pdf
fl in top ml conference and journal,2022,Federated Learning from Pre-Trained Models: A Contrastive Learning Approach,NeurIPS,https://arxiv.org/pdf/2209.10083.pdf,AwesomeFL_PDF/fl in top ml conference and journal/2022_Federated Learning from Pre-Trained Models: A Contrastive Learning Approach.pdf
fl in top ml conference and journal,2022,Global Convergence of Federated Learning for Mixed Regression,NeurIPS,https://arxiv.org/pdf/2206.07279.pdf,AwesomeFL_PDF/fl in top ml conference and journal/2022_Global Convergence of Federated Learning for Mixed Regression.pdf
fl in top ml conference and journal,2022,Self-Aware Personalized Federated Learning,NeurIPS,https://arxiv.org/pdf/2204.08069.pdf,AwesomeFL_PDF/fl in top ml conference and journal/2022_Self-Aware Personalized Federated Learning.pdf
fl in top ml conference and journal,2022,A Communication-efficient Algorithm with Linear Convergence for Federated Minimax Learning,NeurIPS,https://arxiv.org/pdf/2206.01132.pdf,AwesomeFL_PDF/fl in top ml conference and journal/2022_A Communication-efficient Algorithm with Linear Convergence for Federated Minimax Learning.pdf
fl in top ml conference and journal,2022,Sharper Convergence Guarantees for Asynchronous SGD for Distributed and Federated Learning,NeurIPS,https://arxiv.org/pdf/2206.08307.pdf,AwesomeFL_PDF/fl in top ml conference and journal/2022_Sharper Convergence Guarantees for Asynchronous SGD for Distributed and Federated Learning.pdf
fl in top ml conference and journal,2022,SemiFL: Semi-Supervised Federated Learning for Unlabeled Clients with Alternate Training,NeurIPS,https://arxiv.org/pdf/2106.01432.pdf,AwesomeFL_PDF/fl in top ml conference and journal/2022_SemiFL: Semi-Supervised Federated Learning for Unlabeled Clients with Alternate Training.pdf
fl in top ml conference and journal,2022,A Unified Analysis of Federated Learning with Arbitrary Client Participation,NeurIPS,https://arxiv.org/pdf/2205.13648.pdf,AwesomeFL_PDF/fl in top ml conference and journal/2022_A Unified Analysis of Federated Learning with Arbitrary Client Participation.pdf
fl in top ml conference and journal,2022,Preservation of the Global Knowledge by Not-True Distillation in Federated Learning,NeurIPS,https://arxiv.org/pdf/2106.03097.pdf,AwesomeFL_PDF/fl in top ml conference and journal/2022_Preservation of the Global Knowledge by Not-True Distillation in Federated Learning.pdf
fl in top ml conference and journal,2022,Factorized-FL: Personalized Federated Learning with Parameter Factorization & Similarity Matching,NeurIPS,https://arxiv.org/pdf/2202.00270.pdf,AwesomeFL_PDF/fl in top ml conference and journal/2022_Factorized-FL: Personalized Federated Learning with Parameter Factorization & Similarity M.pdf
fl in top ml conference and journal,2022,A Simple and Provably Efficient Algorithm for Asynchronous Federated Contextual Linear Bandits,NeurIPS,https://arxiv.org/pdf/2207.03106.pdf,AwesomeFL_PDF/fl in top ml conference and journal/2022_A Simple and Provably Efficient Algorithm for Asynchronous Federated Contextual Linear Ban.pdf
fl in top ml conference and journal,2022,On Privacy and Personalization in Cross-Silo Federated Learning,NeurIPS,https://arxiv.org/pdf/2206.07902.pdf,AwesomeFL_PDF/fl in top ml conference and journal/2022_On Privacy and Personalization in Cross-Silo Federated Learning.pdf
fl in top ml conference and journal,2022,A Coupled Design of Exploiting Record Similarity for Practical Vertical Federated Learning,NeurIPS,https://arxiv.org/pdf/2106.06312.pdf,AwesomeFL_PDF/fl in top ml conference and journal/2022_A Coupled Design of Exploiting Record Similarity for Practical Vertical Federated Learning.pdf
fl in top ml conference and journal,2022,A Tree-based Model Averaging Approach for Personalized Treatment Effect Estimation from Heterogeneous Data Sources,ICML,https://arxiv.org/pdf/2103.06261.pdf,AwesomeFL_PDF/fl in top ml conference and journal/2022_A Tree-based Model Averaging Approach for Personalized Treatment Effect Estimation from He.pdf
fl in top ml conference and journal,2022,Fast Composite Optimization and Statistical Recovery in Federated Learning,ICML,https://arxiv.org/pdf/2207.08204.pdf,AwesomeFL_PDF/fl in top ml conference and journal/2022_Fast Composite Optimization and Statistical Recovery in Federated Learning.pdf
fl in top ml conference and journal,2022,Personalization Improves Privacy-Accuracy Tradeoffs in Federated Learning,ICML,https://arxiv.org/pdf/2202.05318.pdf,AwesomeFL_PDF/fl in top ml conference and journal/2022_Personalization Improves Privacy-Accuracy Tradeoffs in Federated Learning.pdf
fl in top ml conference and journal,2022,The Fundamental Price of Secure Aggregation in Differentially Private Federated Learning :fire:,ICML,https://arxiv.org/pdf/2203.03761.pdf,AwesomeFL_PDF/fl in top ml conference and journal/2022_The Fundamental Price of Secure Aggregation in Differentially Private Federated Learning :.pdf
fl in top ml conference and journal,2022,The Poisson Binomial Mechanism for Unbiased Federated Learning with Secure Aggregation,ICML,https://arxiv.org/pdf/2207.09916.pdf,AwesomeFL_PDF/fl in top ml conference and journal/2022_The Poisson Binomial Mechanism for Unbiased Federated Learning with Secure Aggregation.pdf
fl in top ml conference and journal,2022,DisPFL: Towards Communication-Efficient Personalized Federated Learning via Decentralized Sparse Training,ICML,https://arxiv.org/pdf/2206.00187.pdf,AwesomeFL_PDF/fl in top ml conference and journal/2022_DisPFL: Towards Communication-Efficient Personalized Federated Learning via Decentralized .pdf
fl in top ml conference and journal,2022,DAdaQuant: Doubly-adaptive quantization for communication-efficient Federated Learning,ICML,https://arxiv.org/pdf/2111.00465.pdf,AwesomeFL_PDF/fl in top ml conference and journal/2022_DAdaQuant: Doubly-adaptive quantization for communication-efficient Federated Learning.pdf
fl in top ml conference and journal,2022,Federated Reinforcement Learning: Linear Speedup Under Markovian Sampling,ICML,https://arxiv.org/pdf/2206.10185.pdf,AwesomeFL_PDF/fl in top ml conference and journal/2022_Federated Reinforcement Learning: Linear Speedup Under Markovian Sampling.pdf
fl in top ml conference and journal,2022,Multi-Level Branched Regularization for Federated Learning,ICML,https://arxiv.org/pdf/2207.06936.pdf,AwesomeFL_PDF/fl in top ml conference and journal/2022_Multi-Level Branched Regularization for Federated Learning.pdf
fl in top ml conference and journal,2022,Federated Learning with Positive and Unlabeled Data,ICML,https://arxiv.org/pdf/2106.10904.pdf,AwesomeFL_PDF/fl in top ml conference and journal/2022_Federated Learning with Positive and Unlabeled Data.pdf
fl in top ml conference and journal,2022,Orchestra: Unsupervised Federated Learning via Globally Consistent Clustering,ICML,https://arxiv.org/pdf/2205.11506.pdf,AwesomeFL_PDF/fl in top ml conference and journal/2022_Orchestra: Unsupervised Federated Learning via Globally Consistent Clustering.pdf
fl in top ml conference and journal,2022,Disentangled Federated Learning for Tackling Attributes Skew via Invariant Aggregation and Diversity Transferring,ICML,https://arxiv.org/pdf/2206.06818.pdf,AwesomeFL_PDF/fl in top ml conference and journal/2022_Disentangled Federated Learning for Tackling Attributes Skew via Invariant Aggregation and.pdf
fl in top ml conference and journal,2022,Personalized Federated Learning through Local Memorization,ICML,https://arxiv.org/pdf/2111.09360.pdf,AwesomeFL_PDF/fl in top ml conference and journal/2022_Personalized Federated Learning through Local Memorization.pdf
fl in top ml conference and journal,2022,Proximal and Federated Random Reshuffling,ICML,https://arxiv.org/pdf/2102.06704.pdf,AwesomeFL_PDF/fl in top ml conference and journal/2022_Proximal and Federated Random Reshuffling.pdf
fl in top ml conference and journal,2022,Federated Learning with Partial Model Personalization,ICML,https://arxiv.org/pdf/2204.03809.pdf,AwesomeFL_PDF/fl in top ml conference and journal/2022_Federated Learning with Partial Model Personalization.pdf
fl in top ml conference and journal,2022,Generalized Federated Learning via Sharpness Aware Minimization,ICML,https://arxiv.org/pdf/2206.02618.pdf,AwesomeFL_PDF/fl in top ml conference and journal/2022_Generalized Federated Learning via Sharpness Aware Minimization.pdf
fl in top ml conference and journal,2022,FedNL: Making Newton-Type Methods Applicable to Federated Learning,ICML,https://arxiv.org/pdf/2106.02969.pdf,AwesomeFL_PDF/fl in top ml conference and journal/2022_FedNL: Making Newton-Type Methods Applicable to Federated Learning.pdf
fl in top ml conference and journal,2022,Federated Minimax Optimization: Improved Convergence Analyses and Algorithms,ICML,https://arxiv.org/pdf/2203.04850.pdf,AwesomeFL_PDF/fl in top ml conference and journal/2022_Federated Minimax Optimization: Improved Convergence Analyses and Algorithms.pdf
fl in top ml conference and journal,2022,Virtual Homogeneity Learning: Defending against Data Heterogeneity in Federated Learning,ICML,https://arxiv.org/pdf/2206.02465.pdf,AwesomeFL_PDF/fl in top ml conference and journal/2022_Virtual Homogeneity Learning: Defending against Data Heterogeneity in Federated Learning.pdf
fl in top ml conference and journal,2022,"FedNest: Federated Bilevel, Minimax, and Compositional Optimization",ICML,https://arxiv.org/pdf/2205.02215.pdf,"AwesomeFL_PDF/fl in top ml conference and journal/2022_FedNest: Federated Bilevel, Minimax, and Compositional Optimization.pdf"
fl in top ml conference and journal,2022,EDEN: Communication-Efficient and Robust Distributed Mean Estimation for Federated Learning,ICML,https://arxiv.org/pdf/2108.08842.pdf,AwesomeFL_PDF/fl in top ml conference and journal/2022_EDEN: Communication-Efficient and Robust Distributed Mean Estimation for Federated Learnin.pdf
fl in top ml conference and journal,2022,Communication-Efficient Adaptive Federated Learning,ICML,https://arxiv.org/pdf/2205.02719.pdf,AwesomeFL_PDF/fl in top ml conference and journal/2022_Communication-Efficient Adaptive Federated Learning.pdf
fl in top ml conference and journal,2022,"ProgFed: Effective, Communication, and Computation Efficient Federated Learning by Progressive Training",ICML,https://arxiv.org/pdf/2110.05323.pdf,"AwesomeFL_PDF/fl in top ml conference and journal/2022_ProgFed: Effective, Communication, and Computation Efficient Federated Learning by Progres.pdf"
fl in top ml conference and journal,2022,Fishing for User Data in Large-Batch Federated Learning via Gradient Magnification :fire:,ICML,https://arxiv.org/pdf/2202.00580.pdf,AwesomeFL_PDF/fl in top ml conference and journal/2022_Fishing for User Data in Large-Batch Federated Learning via Gradient Magnification :fire:.pdf
fl in top ml conference and journal,2022,Anarchic Federated Learning,ICML,https://arxiv.org/pdf/2108.09875.pdf,AwesomeFL_PDF/fl in top ml conference and journal/2022_Anarchic Federated Learning.pdf
fl in top ml conference and journal,2022,Bitwidth Heterogeneous Federated Learning with Progressive Weight Dequantization,ICML,https://arxiv.org/pdf/2202.11453.pdf,AwesomeFL_PDF/fl in top ml conference and journal/2022_Bitwidth Heterogeneous Federated Learning with Progressive Weight Dequantization.pdf
fl in top ml conference and journal,2022,Neural Tangent Kernel Empowered Federated Learning,ICML,https://arxiv.org/pdf/2110.03681.pdf,AwesomeFL_PDF/fl in top ml conference and journal/2022_Neural Tangent Kernel Empowered Federated Learning.pdf
fl in top ml conference and journal,2022,Understanding Clipping for Federated Learning: Convergence and Client-Level Differential Privacy,ICML,https://arxiv.org/pdf/2106.13673.pdf,AwesomeFL_PDF/fl in top ml conference and journal/2022_Understanding Clipping for Federated Learning: Convergence and Client-Level Differential P.pdf
fl in top ml conference and journal,2022,Personalized Federated Learning via Variational Bayesian Inference,ICML,https://arxiv.org/pdf/2206.07977.pdf,AwesomeFL_PDF/fl in top ml conference and journal/2022_Personalized Federated Learning via Variational Bayesian Inference.pdf
fl in top ml conference and journal,2022,Neurotoxin: Durable Backdoors in Federated Learning,ICML,https://arxiv.org/pdf/2206.10341.pdf,AwesomeFL_PDF/fl in top ml conference and journal/2022_Neurotoxin: Durable Backdoors in Federated Learning.pdf
fl in top ml conference and journal,2022,Bayesian Framework for Gradient Leakage,ICLR,https://arxiv.org/pdf/2111.04706.pdf,AwesomeFL_PDF/fl in top ml conference and journal/2022_Bayesian Framework for Gradient Leakage.pdf
fl in top ml conference and journal,2022,Acceleration of Federated Learning with Alleviated Forgetting in Local Training,ICLR,https://arxiv.org/pdf/2203.02645.pdf,AwesomeFL_PDF/fl in top ml conference and journal/2022_Acceleration of Federated Learning with Alleviated Forgetting in Local Training.pdf
fl in top ml conference and journal,2022,FedPara: Low-rank Hadamard Product for Communicatkion-Efficient Federated Learning,ICLR,https://arxiv.org/pdf/2108.06098.pdf,AwesomeFL_PDF/fl in top ml conference and journal/2022_FedPara: Low-rank Hadamard Product for Communicatkion-Efficient Federated Learning.pdf
fl in top ml conference and journal,2022,Efficient Split-Mix Federated Learning for On-Demand and In-Situ Customization,ICLR,https://arxiv.org/pdf/2203.09747.pdf,AwesomeFL_PDF/fl in top ml conference and journal/2022_Efficient Split-Mix Federated Learning for On-Demand and In-Situ Customization.pdf
fl in top ml conference and journal,2022,Robbing the Fed: Directly Obtaining Private Data in Federated Learning with Modified Models :fire:,ICLR,https://arxiv.org/pdf/2110.13057.pdf,AwesomeFL_PDF/fl in top ml conference and journal/2022_Robbing the Fed: Directly Obtaining Private Data in Federated Learning with Modified Model.pdf
fl in top ml conference and journal,2022,ZeroFL: Efficient On-Device Training for Federated Learning with Local Sparsity,ICLR,https://arxiv.org/pdf/2208.02507.pdf,AwesomeFL_PDF/fl in top ml conference and journal/2022_ZeroFL: Efficient On-Device Training for Federated Learning with Local Sparsity.pdf
fl in top ml conference and journal,2022,Recycling Model Updates in Federated Learning: Are Gradient Subspaces Low-Rank?,ICLR,https://arxiv.org/pdf/2202.00280.pdf,AwesomeFL_PDF/fl in top ml conference and journal/2022_Recycling Model Updates in Federated Learning: Are Gradient Subspaces Low-Rank.pdf
fl in top ml conference and journal,2022,Towards Model Agnostic Federated Learning Using Knowledge Distillation,ICLR,https://arxiv.org/pdf/2110.15210.pdf,AwesomeFL_PDF/fl in top ml conference and journal/2022_Towards Model Agnostic Federated Learning Using Knowledge Distillation.pdf
fl in top ml conference and journal,2022,Divergence-aware Federated Self-Supervised Learning,ICLR,https://arxiv.org/pdf/2204.04385.pdf,AwesomeFL_PDF/fl in top ml conference and journal/2022_Divergence-aware Federated Self-Supervised Learning.pdf
fl in top ml conference and journal,2022,What Do We Mean by Generalization in Federated Learning? :fire:,ICLR,https://arxiv.org/pdf/2110.14216.pdf,AwesomeFL_PDF/fl in top ml conference and journal/2022_What Do We Mean by Generalization in Federated Learning :fire:.pdf
fl in top ml conference and journal,2022,FedBABU: Toward Enhanced Representation for Federated Image Classification,ICLR,https://arxiv.org/pdf/2106.06042.pdf,AwesomeFL_PDF/fl in top ml conference and journal/2022_FedBABU: Toward Enhanced Representation for Federated Image Classification.pdf
fl in top ml conference and journal,2022,Byzantine-Robust Learning on Heterogeneous Datasets via Bucketing,ICLR,https://arxiv.org/pdf/2006.09365.pdf,AwesomeFL_PDF/fl in top ml conference and journal/2022_Byzantine-Robust Learning on Heterogeneous Datasets via Bucketing.pdf
fl in top ml conference and journal,2022,Improving Federated Learning Face Recognition via Privacy-Agnostic Clusters,ICLR Spotlight,https://arxiv.org/pdf/2201.12467.pdf,AwesomeFL_PDF/fl in top ml conference and journal/2022_Improving Federated Learning Face Recognition via Privacy-Agnostic Clusters.pdf
fl in top ml conference and journal,2022,On Bridging Generic and Personalized Federated Learning for Image Classification,ICLR,https://arxiv.org/pdf/2107.00778.pdf,AwesomeFL_PDF/fl in top ml conference and journal/2022_On Bridging Generic and Personalized Federated Learning for Image Classification.pdf
fl in top ml conference and journal,2022,Minibatch vs Local SGD with Shuffling: Tight Convergence Bounds and Beyond,ICLR,https://arxiv.org/pdf/2110.10342.pdf,AwesomeFL_PDF/fl in top ml conference and journal/2022_Minibatch vs Local SGD with Shuffling: Tight Convergence Bounds and Beyond.pdf
fl in top ml conference and journal,2021,Constrained differentially private federated learning for low-bandwidth devices,UAI,https://arxiv.org/pdf/2103.00342.pdf,AwesomeFL_PDF/fl in top ml conference and journal/2021_Constrained differentially private federated learning for low-bandwidth devices.pdf
fl in top ml conference and journal,2021,Federated stochastic gradient Langevin dynamics,UAI,https://arxiv.org/pdf/2004.11231.pdf,AwesomeFL_PDF/fl in top ml conference and journal/2021_Federated stochastic gradient Langevin dynamics.pdf
fl in top ml conference and journal,2021,Federated Learning Based on Dynamic Regularization,ICLR,https://arxiv.org/pdf/2111.04263.pdf,AwesomeFL_PDF/fl in top ml conference and journal/2021_Federated Learning Based on Dynamic Regularization.pdf
fl in top ml conference and journal,2021,Achieving Linear Speedup with Partial Worker Participation in Non-IID Federated Learning,ICLR,https://arxiv.org/pdf/2101.11203.pdf,AwesomeFL_PDF/fl in top ml conference and journal/2021_Achieving Linear Speedup with Partial Worker Participation in Non-IID Federated Learning.pdf
fl in top ml conference and journal,2021,HeteroFL: Computation and Communication Efficient Federated Learning for Heterogeneous Clients,ICLR,https://arxiv.org/pdf/2010.01264.pdf,AwesomeFL_PDF/fl in top ml conference and journal/2021_HeteroFL: Computation and Communication Efficient Federated Learning for Heterogeneous Cli.pdf
fl in top ml conference and journal,2021,FedMix: Approximation of Mixup under Mean Augmented Federated Learning,ICLR,https://arxiv.org/pdf/2107.00233.pdf,AwesomeFL_PDF/fl in top ml conference and journal/2021_FedMix: Approximation of Mixup under Mean Augmented Federated Learning.pdf
fl in top ml conference and journal,2021,Federated Learning via Posterior Averaging: A New Perspective and Practical Algorithms :fire:,ICLR,https://arxiv.org/pdf/2010.05273.pdf,AwesomeFL_PDF/fl in top ml conference and journal/2021_Federated Learning via Posterior Averaging: A New Perspective and Practical Algorithms :fi.pdf
fl in top ml conference and journal,2021,Adaptive Federated Optimization :fire:,ICLR,https://arxiv.org/pdf/2003.00295.pdf,AwesomeFL_PDF/fl in top ml conference and journal/2021_Adaptive Federated Optimization :fire:.pdf
fl in top ml conference and journal,2021,Personalized Federated Learning with First Order Model Optimization,ICLR,https://arxiv.org/pdf/2012.08565.pdf,AwesomeFL_PDF/fl in top ml conference and journal/2021_Personalized Federated Learning with First Order Model Optimization.pdf
fl in top ml conference and journal,2021,FedBN: Federated Learning on Non-IID Features via Local Batch Normalization :fire:,ICLR,https://arxiv.org/pdf/2102.07623.pdf,AwesomeFL_PDF/fl in top ml conference and journal/2021_FedBN: Federated Learning on Non-IID Features via Local Batch Normalization :fire:.pdf
fl in top ml conference and journal,2021,FedBE: Making Bayesian Model Ensemble Applicable to Federated Learning,ICLR,https://arxiv.org/pdf/2009.01974.pdf,AwesomeFL_PDF/fl in top ml conference and journal/2021_FedBE: Making Bayesian Model Ensemble Applicable to Federated Learning.pdf
fl in top ml conference and journal,2021,Federated Semi-Supervised Learning with Inter-Client Consistency & Disjoint Learning,ICLR,https://arxiv.org/pdf/2006.12097.pdf,AwesomeFL_PDF/fl in top ml conference and journal/2021_Federated Semi-Supervised Learning with Inter-Client Consistency & Disjoint Learning.pdf
fl in top ml conference and journal,2021,KD3A: Unsupervised Multi-Source Decentralized Domain Adaptation via Knowledge Distillation,ICML,https://arxiv.org/pdf/2011.09757.pdf,AwesomeFL_PDF/fl in top ml conference and journal/2021_KD3A: Unsupervised Multi-Source Decentralized Domain Adaptation via Knowledge Distillation.pdf
fl in top ml conference and journal,2021,Gradient Disaggregation: Breaking Privacy in Federated Learning by Reconstructing the User Participant Matrix,ICML,https://arxiv.org/pdf/2106.06089.pdf,AwesomeFL_PDF/fl in top ml conference and journal/2021_Gradient Disaggregation: Breaking Privacy in Federated Learning by Reconstructing the User.pdf
fl in top ml conference and journal,2021,FL-NTK: A Neural Tangent Kernel-based Framework for Federated Learning Analysis,ICML,https://arxiv.org/pdf/2105.05001.pdf,AwesomeFL_PDF/fl in top ml conference and journal/2021_FL-NTK: A Neural Tangent Kernel-based Framework for Federated Learning Analysis.pdf
fl in top ml conference and journal,2021,Personalized Federated Learning using Hypernetworks :fire:,ICML,https://arxiv.org/pdf/2103.04628.pdf,AwesomeFL_PDF/fl in top ml conference and journal/2021_Personalized Federated Learning using Hypernetworks :fire:.pdf
fl in top ml conference and journal,2021,Federated Composite Optimization,ICML,https://arxiv.org/pdf/2011.08474.pdf,AwesomeFL_PDF/fl in top ml conference and journal/2021_Federated Composite Optimization.pdf
fl in top ml conference and journal,2021,Exploiting Shared Representations for Personalized Federated Learning,ICML,https://arxiv.org/pdf/2102.07078.pdf,AwesomeFL_PDF/fl in top ml conference and journal/2021_Exploiting Shared Representations for Personalized Federated Learning.pdf
fl in top ml conference and journal,2021,Data-Free Knowledge Distillation for Heterogeneous Federated Learning :fire:,ICML,https://arxiv.org/pdf/2105.10056.pdf,AwesomeFL_PDF/fl in top ml conference and journal/2021_Data-Free Knowledge Distillation for Heterogeneous Federated Learning :fire:.pdf
fl in top ml conference and journal,2021,Federated Continual Learning with Weighted Inter-client Transfer,ICML,https://arxiv.org/pdf/2003.03196.pdf,AwesomeFL_PDF/fl in top ml conference and journal/2021_Federated Continual Learning with Weighted Inter-client Transfer.pdf
fl in top ml conference and journal,2021,Federated Deep AUC Maximization for Hetergeneous Data with a Constant Communication Complexity,ICML,https://arxiv.org/pdf/2102.04635.pdf,AwesomeFL_PDF/fl in top ml conference and journal/2021_Federated Deep AUC Maximization for Hetergeneous Data with a Constant Communication Comple.pdf
fl in top ml conference and journal,2021,Bias-Variance Reduced Local SGD for Less Heterogeneous Federated Learning,ICML,https://arxiv.org/pdf/2102.03198.pdf,AwesomeFL_PDF/fl in top ml conference and journal/2021_Bias-Variance Reduced Local SGD for Less Heterogeneous Federated Learning.pdf
fl in top ml conference and journal,2021,Federated Learning of User Verification Models Without Sharing Embeddings,ICML,https://arxiv.org/pdf/2104.08776.pdf,AwesomeFL_PDF/fl in top ml conference and journal/2021_Federated Learning of User Verification Models Without Sharing Embeddings.pdf
fl in top ml conference and journal,2021,Clustered Sampling: Low-Variance and Improved Representativity for Clients Selection in Federated Learning,ICML,https://arxiv.org/pdf/2105.05883.pdf,AwesomeFL_PDF/fl in top ml conference and journal/2021_Clustered Sampling: Low-Variance and Improved Representativity for Clients Selection in Fe.pdf
fl in top ml conference and journal,2021,Ditto: Fair and Robust Federated Learning Through Personalization,ICML,https://arxiv.org/pdf/2012.04221.pdf,AwesomeFL_PDF/fl in top ml conference and journal/2021_Ditto: Fair and Robust Federated Learning Through Personalization.pdf
fl in top ml conference and journal,2021,Heterogeneity for the Win: One-Shot Federated Clustering,ICML,https://arxiv.org/pdf/2103.00697.pdf,AwesomeFL_PDF/fl in top ml conference and journal/2021_Heterogeneity for the Win: One-Shot Federated Clustering.pdf
fl in top ml conference and journal,2021,The Distributed Discrete Gaussian Mechanism for Federated Learning with Secure Aggregation :fire:,ICML,https://arxiv.org/pdf/2102.06387.pdf,AwesomeFL_PDF/fl in top ml conference and journal/2021_The Distributed Discrete Gaussian Mechanism for Federated Learning with Secure Aggregation.pdf
fl in top ml conference and journal,2021,"One for One, or All for All: Equilibria and Optimality of Collaboration in Federated Learning",ICML,https://arxiv.org/pdf/2103.03228.pdf,"AwesomeFL_PDF/fl in top ml conference and journal/2021_One for One, or All for All: Equilibria and Optimality of Collaboration in Federated Learn.pdf"
fl in top ml conference and journal,2021,CRFL: Certifiably Robust Federated Learning against Backdoor Attacks,ICML,https://arxiv.org/pdf/2106.08283.pdf,AwesomeFL_PDF/fl in top ml conference and journal/2021_CRFL: Certifiably Robust Federated Learning against Backdoor Attacks.pdf
fl in top ml conference and journal,2021,CANITA: Faster Rates for Distributed Convex Optimization with Communication Compression,NeurIPS,https://arxiv.org/pdf/2107.09461.pdf,AwesomeFL_PDF/fl in top ml conference and journal/2021_CANITA: Faster Rates for Distributed Convex Optimization with Communication Compression.pdf
fl in top ml conference and journal,2021,Gradient Inversion with Generative Image Prior,NeurIPS,https://arxiv.org/pdf/2110.14962.pdf,AwesomeFL_PDF/fl in top ml conference and journal/2021_Gradient Inversion with Generative Image Prior.pdf
fl in top ml conference and journal,2021,Distributed Machine Learning with Sparse Heterogeneous Data,NeurIPS,https://arxiv.org/pdf/1912.01417.pdf,AwesomeFL_PDF/fl in top ml conference and journal/2021_Distributed Machine Learning with Sparse Heterogeneous Data.pdf
fl in top ml conference and journal,2021,Renyi Differential Privacy of The Subsampled Shuffle Model In Distributed Learning,NeurIPS,https://arxiv.org/pdf/2107.08763.pdf,AwesomeFL_PDF/fl in top ml conference and journal/2021_Renyi Differential Privacy of The Subsampled Shuffle Model In Distributed Learning.pdf
fl in top ml conference and journal,2021,Fault-Tolerant Federated Reinforcement Learning with Theoretical Guarantee,NeurIPS,https://arxiv.org/pdf/2110.14074.pdf,AwesomeFL_PDF/fl in top ml conference and journal/2021_Fault-Tolerant Federated Reinforcement Learning with Theoretical Guarantee.pdf
fl in top ml conference and journal,2021,Optimality and Stability in Federated Learning: A Game-theoretic Approach,NeurIPS,https://arxiv.org/pdf/2106.09580.pdf,AwesomeFL_PDF/fl in top ml conference and journal/2021_Optimality and Stability in Federated Learning: A Game-theoretic Approach.pdf
fl in top ml conference and journal,2021,QuPeD: Quantized Personalization via Distillation with Applications to Federated Learning,NeurIPS,https://arxiv.org/pdf/2107.13892.pdf,AwesomeFL_PDF/fl in top ml conference and journal/2021_QuPeD: Quantized Personalization via Distillation with Applications to Federated Learning.pdf
fl in top ml conference and journal,2021,The Skellam Mechanism for Differentially Private Federated Learning :fire:,NeurIPS,https://arxiv.org/pdf/2110.04995.pdf,AwesomeFL_PDF/fl in top ml conference and journal/2021_The Skellam Mechanism for Differentially Private Federated Learning :fire:.pdf
fl in top ml conference and journal,2021,No Fear of Heterogeneity: Classifier Calibration for Federated Learning with Non-IID Data,NeurIPS,https://arxiv.org/pdf/2106.05001.pdf,AwesomeFL_PDF/fl in top ml conference and journal/2021_No Fear of Heterogeneity: Classifier Calibration for Federated Learning with Non-IID Data.pdf
fl in top ml conference and journal,2021,STEM: A Stochastic Two-Sided Momentum Algorithm Achieving Near-Optimal Sample and Communication Complexities for Federated Learning,NeurIPS,https://arxiv.org/pdf/2106.10435.pdf,AwesomeFL_PDF/fl in top ml conference and journal/2021_STEM: A Stochastic Two-Sided Momentum Algorithm Achieving Near-Optimal Sample and Communic.pdf
fl in top ml conference and journal,2021,Subgraph Federated Learning with Missing Neighbor Generation,NeurIPS,https://arxiv.org/pdf/2106.13430.pdf,AwesomeFL_PDF/fl in top ml conference and journal/2021_Subgraph Federated Learning with Missing Neighbor Generation.pdf
fl in top ml conference and journal,2021,Evaluating Gradient Inversion Attacks and Defenses in Federated Learning :fire:,NeurIPS,https://arxiv.org/pdf/2112.00059.pdf,AwesomeFL_PDF/fl in top ml conference and journal/2021_Evaluating Gradient Inversion Attacks and Defenses in Federated Learning :fire:.pdf
fl in top ml conference and journal,2021,Personalized Federated Learning With Gaussian Processes,NeurIPS,https://arxiv.org/pdf/2106.15482.pdf,AwesomeFL_PDF/fl in top ml conference and journal/2021_Personalized Federated Learning With Gaussian Processes.pdf
fl in top ml conference and journal,2021,Differentially Private Federated Bayesian Optimization with Distributed Exploration,NeurIPS,https://arxiv.org/pdf/2110.14153.pdf,AwesomeFL_PDF/fl in top ml conference and journal/2021_Differentially Private Federated Bayesian Optimization with Distributed Exploration.pdf
fl in top ml conference and journal,2021,Parameterized Knowledge Transfer for Personalized Federated Learning,NeurIPS,https://arxiv.org/pdf/2111.02862.pdf,AwesomeFL_PDF/fl in top ml conference and journal/2021_Parameterized Knowledge Transfer for Personalized Federated Learning.pdf
fl in top ml conference and journal,2021,Federated Reconstruction: Partially Local Federated Learning :fire:,NeurIPS,https://arxiv.org/pdf/2102.03448.pdf,AwesomeFL_PDF/fl in top ml conference and journal/2021_Federated Reconstruction: Partially Local Federated Learning :fire:.pdf
fl in top ml conference and journal,2021,Fast Federated Learning in the Presence of Arbitrary Device Unavailability,NeurIPS,https://arxiv.org/pdf/2106.04159.pdf,AwesomeFL_PDF/fl in top ml conference and journal/2021_Fast Federated Learning in the Presence of Arbitrary Device Unavailability.pdf
fl in top ml conference and journal,2021,FL-WBC: Enhancing Robustness against Model Poisoning Attacks in Federated Learning from a Client Perspective,NeurIPS,https://arxiv.org/pdf/2110.13864.pdf,AwesomeFL_PDF/fl in top ml conference and journal/2021_FL-WBC: Enhancing Robustness against Model Poisoning Attacks in Federated Learning from a .pdf
fl in top ml conference and journal,2021,FjORD: Fair and Accurate Federated Learning under heterogeneous targets with Ordered Dropout,NeurIPS,https://arxiv.org/pdf/2102.13451.pdf,AwesomeFL_PDF/fl in top ml conference and journal/2021_FjORD: Fair and Accurate Federated Learning under heterogeneous targets with Ordered Dropo.pdf
fl in top ml conference and journal,2021,Linear Convergence in Federated Learning: Tackling Client Heterogeneity and Sparse Gradients,NeurIPS,https://arxiv.org/pdf/2102.07053.pdf,AwesomeFL_PDF/fl in top ml conference and journal/2021_Linear Convergence in Federated Learning: Tackling Client Heterogeneity and Sparse Gradien.pdf
fl in top ml conference and journal,2021,Federated Multi-Task Learning under a Mixture of Distributions,NeurIPS,https://arxiv.org/pdf/2108.10252.pdf,AwesomeFL_PDF/fl in top ml conference and journal/2021_Federated Multi-Task Learning under a Mixture of Distributions.pdf
fl in top ml conference and journal,2021,Federated Graph Classification over Non-IID Graphs,NeurIPS,https://arxiv.org/pdf/2106.13423.pdf,AwesomeFL_PDF/fl in top ml conference and journal/2021_Federated Graph Classification over Non-IID Graphs.pdf
fl in top ml conference and journal,2021,"Federated Hyperparameter Tuning: Challenges, Baselines, and Connections to Weight-Sharing",NeurIPS,https://arxiv.org/pdf/2106.04502.pdf,"AwesomeFL_PDF/fl in top ml conference and journal/2021_Federated Hyperparameter Tuning: Challenges, Baselines, and Connections to Weight-Sharing.pdf"
fl in top ml conference and journal,2021,On Large-Cohort Training for Federated Learning :fire:,NeurIPS,https://arxiv.org/pdf/2106.07820.pdf,AwesomeFL_PDF/fl in top ml conference and journal/2021_On Large-Cohort Training for Federated Learning :fire:.pdf
fl in top ml conference and journal,2021,DeepReduce: A Sparse-tensor Communication Framework for Federated Deep Learning,NeurIPS,https://arxiv.org/pdf/2102.03112.pdf,AwesomeFL_PDF/fl in top ml conference and journal/2021_DeepReduce: A Sparse-tensor Communication Framework for Federated Deep Learning.pdf
fl in top ml conference and journal,2021,Federated Split Task-Agnostic Vision Transformer for COVID-19 CXR Diagnosis,NeurIPS,https://arxiv.org/pdf/2111.01338.pdf,AwesomeFL_PDF/fl in top ml conference and journal/2021_Federated Split Task-Agnostic Vision Transformer for COVID-19 CXR Diagnosis.pdf
fl in top ml conference and journal,2021,Addressing Algorithmic Disparity and Performance Inconsistency in Federated Learning,NeurIPS,https://arxiv.org/pdf/2108.08435.pdf,AwesomeFL_PDF/fl in top ml conference and journal/2021_Addressing Algorithmic Disparity and Performance Inconsistency in Federated Learning.pdf
fl in top ml conference and journal,2021,Federated Linear Contextual Bandits,NeurIPS,https://arxiv.org/pdf/2110.14177.pdf,AwesomeFL_PDF/fl in top ml conference and journal/2021_Federated Linear Contextual Bandits.pdf
fl in top ml conference and journal,2021,Federated-EM with heterogeneity mitigation and variance reduction,NeurIPS,https://arxiv.org/pdf/2111.02083.pdf,AwesomeFL_PDF/fl in top ml conference and journal/2021_Federated-EM with heterogeneity mitigation and variance reduction.pdf
fl in top ml conference and journal,2021,FedDR – Randomized Douglas-Rachford Splitting Algorithms for Nonconvex Federated Composite Optimization,NeurIPS,https://arxiv.org/pdf/2103.03452.pdf,AwesomeFL_PDF/fl in top ml conference and journal/2021_FedDR – Randomized Douglas-Rachford Splitting Algorithms for Nonconvex Federated Composite.pdf
fl in top ml conference and journal,2020,Federated Adversarial Domain Adaptation,ICLR,https://arxiv.org/pdf/1911.02054.pdf,AwesomeFL_PDF/fl in top ml conference and journal/2020_Federated Adversarial Domain Adaptation.pdf
fl in top ml conference and journal,2020,Fair Resource Allocation in Federated Learning :fire:,ICLR,https://arxiv.org/pdf/1905.10497.pdf,AwesomeFL_PDF/fl in top ml conference and journal/2020_Fair Resource Allocation in Federated Learning :fire:.pdf
fl in top ml conference and journal,2020,Federated Learning with Matched Averaging :fire:,ICLR,https://arxiv.org/pdf/2002.06440.pdf,AwesomeFL_PDF/fl in top ml conference and journal/2020_Federated Learning with Matched Averaging :fire:.pdf
fl in top ml conference and journal,2020,"Generative Models for Effective ML on Private, Decentralized Datasets :fire:",ICLR,https://arxiv.org/pdf/1911.06679.pdf,"AwesomeFL_PDF/fl in top ml conference and journal/2020_Generative Models for Effective ML on Private, Decentralized Datasets :fire:.pdf"
fl in top ml conference and journal,2020,On the Convergence of FedAvg on Non-IID Data :fire:,ICLR,https://arxiv.org/pdf/1907.02189.pdf,AwesomeFL_PDF/fl in top ml conference and journal/2020_On the Convergence of FedAvg on Non-IID Data :fire:.pdf
fl in top ml conference and journal,2020,FetchSGD: Communication-Efficient Federated Learning with Sketching,ICML,https://arxiv.org/pdf/2007.07682.pdf,AwesomeFL_PDF/fl in top ml conference and journal/2020_FetchSGD: Communication-Efficient Federated Learning with Sketching.pdf
fl in top ml conference and journal,2020,SCAFFOLD: Stochastic Controlled Averaging for Federated Learning,ICML,https://arxiv.org/pdf/1910.06378.pdf,AwesomeFL_PDF/fl in top ml conference and journal/2020_SCAFFOLD: Stochastic Controlled Averaging for Federated Learning.pdf
fl in top ml conference and journal,2020,Federated Learning with Only Positive Labels,ICML,https://arxiv.org/pdf/2004.10342.pdf,AwesomeFL_PDF/fl in top ml conference and journal/2020_Federated Learning with Only Positive Labels.pdf
fl in top ml conference and journal,2020,From Local SGD to Local Fixed-Point Methods for Federated Learning,ICML,https://arxiv.org/pdf/2004.01442.pdf,AwesomeFL_PDF/fl in top ml conference and journal/2020_From Local SGD to Local Fixed-Point Methods for Federated Learning.pdf
fl in top ml conference and journal,2020,Acceleration for Compressed Gradient Descent in Distributed and Federated Optimization,ICML,https://arxiv.org/pdf/2002.11364.pdf,AwesomeFL_PDF/fl in top ml conference and journal/2020_Acceleration for Compressed Gradient Descent in Distributed and Federated Optimization.pdf
fl in top ml conference and journal,2020,Differentially-Private Federated Linear Bandits,NeurIPS,https://arxiv.org/pdf/2010.11425.pdf,AwesomeFL_PDF/fl in top ml conference and journal/2020_Differentially-Private Federated Linear Bandits.pdf
fl in top ml conference and journal,2020,Federated Principal Component Analysis,NeurIPS,https://arxiv.org/pdf/1907.08059.pdf,AwesomeFL_PDF/fl in top ml conference and journal/2020_Federated Principal Component Analysis.pdf
fl in top ml conference and journal,2020,FedSplit: an algorithmic framework for fast federated optimization,NeurIPS,https://arxiv.org/pdf/2005.05238.pdf,AwesomeFL_PDF/fl in top ml conference and journal/2020_FedSplit: an algorithmic framework for fast federated optimization.pdf
fl in top ml conference and journal,2020,Federated Bayesian Optimization via Thompson Sampling,NeurIPS,https://arxiv.org/pdf/2010.10154.pdf,AwesomeFL_PDF/fl in top ml conference and journal/2020_Federated Bayesian Optimization via Thompson Sampling.pdf
fl in top ml conference and journal,2020,Lower Bounds and Optimal Algorithms for Personalized Federated Learning,NeurIPS,https://arxiv.org/pdf/2010.02372.pdf,AwesomeFL_PDF/fl in top ml conference and journal/2020_Lower Bounds and Optimal Algorithms for Personalized Federated Learning.pdf
fl in top ml conference and journal,2020,Robust Federated Learning: The Case of Affine Distribution Shifts,NeurIPS,https://arxiv.org/pdf/2006.08907.pdf,AwesomeFL_PDF/fl in top ml conference and journal/2020_Robust Federated Learning: The Case of Affine Distribution Shifts.pdf
fl in top ml conference and journal,2020,An Efficient Framework for Clustered Federated Learning,NeurIPS,https://arxiv.org/pdf/2006.04088.pdf,AwesomeFL_PDF/fl in top ml conference and journal/2020_An Efficient Framework for Clustered Federated Learning.pdf
fl in top ml conference and journal,2020,Distributionally Robust Federated Averaging :fire:,NeurIPS,https://arxiv.org/pdf/2102.12660.pdf,AwesomeFL_PDF/fl in top ml conference and journal/2020_Distributionally Robust Federated Averaging :fire:.pdf
fl in top ml conference and journal,2020,Personalized Federated Learning with Moreau Envelopes :fire:,NeurIPS,https://arxiv.org/pdf/2006.08848.pdf,AwesomeFL_PDF/fl in top ml conference and journal/2020_Personalized Federated Learning with Moreau Envelopes :fire:.pdf
fl in top ml conference and journal,2020,Personalized Federated Learning with Theoretical Guarantees: A Model-Agnostic Meta-Learning Approach,NeurIPS,https://arxiv.org/pdf/2002.07948.pdf,AwesomeFL_PDF/fl in top ml conference and journal/2020_Personalized Federated Learning with Theoretical Guarantees: A Model-Agnostic Meta-Learnin.pdf
fl in top ml conference and journal,2020,Group Knowledge Transfer: Federated Learning of Large CNNs at the Edge,NeurIPS,https://arxiv.org/pdf/2007.14513.pdf,AwesomeFL_PDF/fl in top ml conference and journal/2020_Group Knowledge Transfer: Federated Learning of Large CNNs at the Edge.pdf
fl in top ml conference and journal,2020,Tackling the Objective Inconsistency Problem in Heterogeneous Federated Optimization :fire:,NeurIPS,https://arxiv.org/pdf/2007.07481.pdf,AwesomeFL_PDF/fl in top ml conference and journal/2020_Tackling the Objective Inconsistency Problem in Heterogeneous Federated Optimization :fire.pdf
fl in top ml conference and journal,2020,"Attack of the Tails: Yes, You Really Can Backdoor Federated Learning",NeurIPS,https://arxiv.org/pdf/2007.05084.pdf,"AwesomeFL_PDF/fl in top ml conference and journal/2020_Attack of the Tails: Yes, You Really Can Backdoor Federated Learning.pdf"
fl in top ml conference and journal,2020,Federated Accelerated Stochastic Gradient Descent,NeurIPS,https://arxiv.org/pdf/2006.08950.pdf,AwesomeFL_PDF/fl in top ml conference and journal/2020_Federated Accelerated Stochastic Gradient Descent.pdf
fl in top ml conference and journal,2020,Inverting Gradients - How easy is it to break privacy in federated learning? :fire:,NeurIPS,https://arxiv.org/pdf/2003.14053.pdf,AwesomeFL_PDF/fl in top ml conference and journal/2020_Inverting Gradients - How easy is it to break privacy in federated learning :fire:.pdf
fl in top ml conference and journal,2020,Ensemble Distillation for Robust Model Fusion in Federated Learning,NeurIPS,https://arxiv.org/pdf/2006.07242.pdf,AwesomeFL_PDF/fl in top ml conference and journal/2020_Ensemble Distillation for Robust Model Fusion in Federated Learning.pdf
fl in top ml conference and journal,2020,Throughput-Optimal Topology Design for Cross-Silo Federated Learning,NeurIPS,https://arxiv.org/pdf/2010.12229.pdf,AwesomeFL_PDF/fl in top ml conference and journal/2020_Throughput-Optimal Topology Design for Cross-Silo Federated Learning.pdf
fl in top ml conference and journal,2019,Bayesian Nonparametric Federated Learning of Neural Networks :fire:,ICML,https://arxiv.org/pdf/1905.12022.pdf,AwesomeFL_PDF/fl in top ml conference and journal/2019_Bayesian Nonparametric Federated Learning of Neural Networks :fire:.pdf
fl in top ml conference and journal,2019,Analyzing Federated Learning through an Adversarial Lens :fire:,ICML,https://arxiv.org/pdf/1811.12470.pdf,AwesomeFL_PDF/fl in top ml conference and journal/2019_Analyzing Federated Learning through an Adversarial Lens :fire:.pdf
fl in top ml conference and journal,2019,Agnostic Federated Learning,ICML,https://arxiv.org/pdf/1902.00146.pdf,AwesomeFL_PDF/fl in top ml conference and journal/2019_Agnostic Federated Learning.pdf
fl in top ml conference and journal,2018,cpSGD: Communication-efficient and differentially-private distributed SGD,NeurIPS,https://arxiv.org/pdf/1805.10559.pdf,AwesomeFL_PDF/fl in top ml conference and journal/2018_cpSGD: Communication-efficient and differentially-private distributed SGD.pdf
fl in top ml conference and journal,2017,Federated Multi-Task Learning :fire:,NeurIPS,https://arxiv.org/pdf/1705.10467.pdf,AwesomeFL_PDF/fl in top ml conference and journal/2017_Federated Multi-Task Learning :fire:.pdf
fl in top dm conference and journal,2024,User Consented Federated Recommender System Against Personalized Attribute Inference Attack,WSDM,https://arxiv.org/pdf/2312.16203.pdf,AwesomeFL_PDF/fl in top dm conference and journal/2024_User Consented Federated Recommender System Against Personalized Attribute Inference Attac.pdf
fl in top dm conference and journal,2023,Privacy Matters: Vertical Federated Linear Contextual Bandits for Privacy Protected Recommendation,KDD,https://arxiv.org/pdf/2210.11050.pdf,AwesomeFL_PDF/fl in top dm conference and journal/2023_Privacy Matters: Vertical Federated Linear Contextual Bandits for Privacy Protected Recomm.pdf
fl in top dm conference and journal,2023,FedDefender: Client-Side Attack-Tolerant Federated Learning,KDD,https://arxiv.org/pdf/2307.09048.pdf,AwesomeFL_PDF/fl in top dm conference and journal/2023_FedDefender: Client-Side Attack-Tolerant Federated Learning.pdf
fl in top dm conference and journal,2023,FedPseudo: Privacy-Preserving Pseudo Value-Based Deep Learning Models for Federated Survival Analysis,KDD,https://arxiv.org/pdf/2207.05247.pdf,AwesomeFL_PDF/fl in top dm conference and journal/2023_FedPseudo: Privacy-Preserving Pseudo Value-Based Deep Learning Models for Federated Surviv.pdf
fl in top dm conference and journal,2023,Federated Few-shot Learning,KDD,https://arxiv.org/pdf/2306.10234.pdf,AwesomeFL_PDF/fl in top dm conference and journal/2023_Federated Few-shot Learning.pdf
fl in top dm conference and journal,2023,Serverless Federated AUPRC Optimization for Multi-Party Collaborative Imbalanced Data Mining,KDD,https://arxiv.org/pdf/2308.03035.pdf,AwesomeFL_PDF/fl in top dm conference and journal/2023_Serverless Federated AUPRC Optimization for Multi-Party Collaborative Imbalanced Data Mini.pdf
fl in top dm conference and journal,2023,CriticalFL: A Critical Learning Periods Augmented Client Selection Framework for Efficient Federated Learning,KDD,https://arxiv.org/pdf/2109.05613.pdf,AwesomeFL_PDF/fl in top dm conference and journal/2023_CriticalFL: A Critical Learning Periods Augmented Client Selection Framework for Efficient.pdf
fl in top dm conference and journal,2023,FLAMES2Graph: An Interpretable Federated Multivariate Time Series Classification Framework,KDD,https://arxiv.org/pdf/2306.03834.pdf,AwesomeFL_PDF/fl in top dm conference and journal/2023_FLAMES2Graph: An Interpretable Federated Multivariate Time Series Classification Framework.pdf
fl in top dm conference and journal,2023,FedCP: Separating Feature Information for Personalized Federated Learning via Conditional Policy,KDD,https://arxiv.org/pdf/2307.01217.pdf,AwesomeFL_PDF/fl in top dm conference and journal/2023_FedCP: Separating Feature Information for Personalized Federated Learning via Conditional .pdf
fl in top dm conference and journal,2023,Navigating Alignment for Non-identical Client Class Sets: A Label Name-Anchored Federated Learning Framework,KDD,https://arxiv.org/pdf/2301.00489.pdf,AwesomeFL_PDF/fl in top dm conference and journal/2023_Navigating Alignment for Non-identical Client Class Sets: A Label Name-Anchored Federated .pdf
fl in top dm conference and journal,2023,FS-REAL: Towards Real-World Cross-Device Federated Learning,KDD,https://arxiv.org/pdf/2303.13363.pdf,AwesomeFL_PDF/fl in top dm conference and journal/2023_FS-REAL: Towards Real-World Cross-Device Federated Learning.pdf
fl in top dm conference and journal,2023,FedMultimodal: A Benchmark for Multimodal Federated Learning,KDD,https://arxiv.org/pdf/2306.09486.pdf,AwesomeFL_PDF/fl in top dm conference and journal/2023_FedMultimodal: A Benchmark for Multimodal Federated Learning.pdf
fl in top dm conference and journal,2023,PrivateRec: Differentially Private Model Training and Online Serving for Federated News Recommendation,KDD,https://arxiv.org/pdf/2204.08146.pdf,AwesomeFL_PDF/fl in top dm conference and journal/2023_PrivateRec: Differentially Private Model Training and Online Serving for Federated News Re.pdf
fl in top dm conference and journal,2023,Revisiting Personalized Federated Learning: Robustness Against Backdoor Attacks,KDD,https://arxiv.org/pdf/2302.01677.pdf,AwesomeFL_PDF/fl in top dm conference and journal/2023_Revisiting Personalized Federated Learning: Robustness Against Backdoor Attacks.pdf
fl in top dm conference and journal,2023,UA-FedRec: Untargeted Attack on Federated News Recommendation,KDD,https://arxiv.org/pdf/2202.06701.pdf,AwesomeFL_PDF/fl in top dm conference and journal/2023_UA-FedRec: Untargeted Attack on Federated News Recommendation.pdf
fl in top dm conference and journal,2023,Federated Unlearning for On-Device Recommendation,WSDM,https://arxiv.org/pdf/2210.10958.pdf,AwesomeFL_PDF/fl in top dm conference and journal/2023_Federated Unlearning for On-Device Recommendation.pdf
fl in top dm conference and journal,2022,Collaboration Equilibrium in Federated Learning,KDD,https://arxiv.org/pdf/2108.07926.pdf,AwesomeFL_PDF/fl in top dm conference and journal/2022_Collaboration Equilibrium in Federated Learning.pdf
fl in top dm conference and journal,2022,Connected Low-Loss Subspace Learning for a Personalization in Federated Learning,KDD,https://arxiv.org/pdf/2109.07628.pdf,AwesomeFL_PDF/fl in top dm conference and journal/2022_Connected Low-Loss Subspace Learning for a Personalization in Federated Learning.pdf
fl in top dm conference and journal,2022,Communication-Efficient Robust Federated Learning with Noisy Labels,KDD,https://arxiv.org/pdf/2206.05558.pdf,AwesomeFL_PDF/fl in top dm conference and journal/2022_Communication-Efficient Robust Federated Learning with Noisy Labels.pdf
fl in top dm conference and journal,2022,FLDetector: Detecting Malicious Clients in Federated Learning via Checking Model-Updates Consistency,KDD,https://arxiv.org/pdf/2207.09209.pdf,AwesomeFL_PDF/fl in top dm conference and journal/2022_FLDetector: Detecting Malicious Clients in Federated Learning via Checking Model-Updates C.pdf
fl in top dm conference and journal,2022,Practical Lossless Federated Singular Vector Decomposition Over Billion-Scale Data,KDD,https://arxiv.org/pdf/2105.08925.pdf,AwesomeFL_PDF/fl in top dm conference and journal/2022_Practical Lossless Federated Singular Vector Decomposition Over Billion-Scale Data.pdf
fl in top dm conference and journal,2022,FedWalk: Communication Efficient Federated Unsupervised Node Embedding with Differential Privacy,KDD,https://arxiv.org/pdf/2205.15896.pdf,AwesomeFL_PDF/fl in top dm conference and journal/2022_FedWalk: Communication Efficient Federated Unsupervised Node Embedding with Differential P.pdf
fl in top dm conference and journal,2022,"FederatedScope-GNN: Towards a Unified, Comprehensive and Efficient Platform for Federated Graph Learning :fire:",KDD (Best Paper Award),https://arxiv.org/pdf/2204.05562.pdf,"AwesomeFL_PDF/fl in top dm conference and journal/2022_FederatedScope-GNN: Towards a Unified, Comprehensive and Efficient Platform for Federated .pdf"
fl in top dm conference and journal,2022,Felicitas: Federated Learning in Distributed Cross Device Collaborative Frameworks,KDD,https://arxiv.org/pdf/2202.08036.pdf,AwesomeFL_PDF/fl in top dm conference and journal/2022_Felicitas: Federated Learning in Distributed Cross Device Collaborative Frameworks.pdf
fl in top dm conference and journal,2022,No One Left Behind: Inclusive Federated Learning over Heterogeneous Devices,KDD,https://arxiv.org/pdf/2202.08036.pdf,AwesomeFL_PDF/fl in top dm conference and journal/2022_No One Left Behind: Inclusive Federated Learning over Heterogeneous Devices.pdf
fl in top dm conference and journal,2022,FedAttack: Effective and Covert Poisoning Attack on Federated Recommendation via Hard Sampling,KDD,https://arxiv.org/pdf/2202.04975.pdf,AwesomeFL_PDF/fl in top dm conference and journal/2022_FedAttack: Effective and Covert Poisoning Attack on Federated Recommendation via Hard Samp.pdf
fl in top dm conference and journal,2022,PipAttack: Poisoning Federated Recommender Systems for Manipulating Item Promotion,WSDM,https://arxiv.org/pdf/2110.10926.pdf,AwesomeFL_PDF/fl in top dm conference and journal/2022_PipAttack: Poisoning Federated Recommender Systems for Manipulating Item Promotion.pdf
fl in top dm conference and journal,2021,Fed2: Feature-Aligned Federated Learning,KDD,https://arxiv.org/pdf/2111.14248.pdf,AwesomeFL_PDF/fl in top dm conference and journal/2021_Fed2: Feature-Aligned Federated Learning.pdf
fl in top dm conference and journal,2021,AsySQN: Faster Vertical Federated Learning Algorithms with Better Computation Resource Utilization,KDD,https://arxiv.org/pdf/2109.12519.pdf,AwesomeFL_PDF/fl in top dm conference and journal/2021_AsySQN: Faster Vertical Federated Learning Algorithms with Better Computation Resource Uti.pdf
fl in top dm conference and journal,2021,FLOP: Federated Learning on Medical Datasets using Partial Networks,KDD,https://arxiv.org/pdf/2102.05218.pdf.pdf,AwesomeFL_PDF/fl in top dm conference and journal/2021_FLOP: Federated Learning on Medical Datasets using Partial Networks.pdf
fl in top dm conference and journal,2020,Federated Doubly Stochastic Kernel Learning for Vertically Partitioned Data,KDD,https://arxiv.org/pdf/2008.06197.pdf,AwesomeFL_PDF/fl in top dm conference and journal/2020_Federated Doubly Stochastic Kernel Learning for Vertically Partitioned Data.pdf
fl in top secure conference and journal,2023,Turning Privacy-preserving Mechanisms against Federated Learning,CCS,https://arxiv.org/pdf/2305.05355.pdf,AwesomeFL_PDF/fl in top secure conference and journal/2023_Turning Privacy-preserving Mechanisms against Federated Learning.pdf
fl in top secure conference and journal,2023,martFL: Enabling Utility-Driven Data Marketplace with a Robust and Verifiable Federated Learning Architecture,CCS,https://arxiv.org/pdf/2309.01098.pdf,AwesomeFL_PDF/fl in top secure conference and journal/2023_martFL: Enabling Utility-Driven Data Marketplace with a Robust and Verifiable Federated Le.pdf
fl in top secure conference and journal,2023,Unraveling the Connections between Privacy and Certified Robustness in Federated Learning Against Poisoning Attacks,CCS,https://arxiv.org/pdf/2209.04030.pdf,AwesomeFL_PDF/fl in top secure conference and journal/2023_Unraveling the Connections between Privacy and Certified Robustness in Federated Learning .pdf
fl in top secure conference and journal,2023,Every Vote Counts: Ranking-Based Training of Federated Learning to Resist Poisoning Attacks,USENIX Security,https://arxiv.org/pdf/2110.04350.pdf,AwesomeFL_PDF/fl in top secure conference and journal/2023_Every Vote Counts: Ranking-Based Training of Federated Learning to Resist Poisoning Attack.pdf
fl in top secure conference and journal,2023,Gradient Obfuscation Gives a False Sense of Security in Federated Learning,USENIX Security,https://arxiv.org/pdf/2206.04055.pdf,AwesomeFL_PDF/fl in top secure conference and journal/2023_Gradient Obfuscation Gives a False Sense of Security in Federated Learning.pdf
fl in top secure conference and journal,2023,FedVal: Different good or different bad in federated learning,USENIX Security,https://arxiv.org/pdf/2306.04040.pdf,AwesomeFL_PDF/fl in top secure conference and journal/2023_FedVal: Different good or different bad in federated learning.pdf
fl in top secure conference and journal,2023,Securing Federated Sensitive Topic Classification against Poisoning Attacks,NDSS,https://arxiv.org/pdf/2201.13086.pdf,AwesomeFL_PDF/fl in top secure conference and journal/2023_Securing Federated Sensitive Topic Classification against Poisoning Attacks.pdf
fl in top secure conference and journal,2023,PPA: Preference Profiling Attack Against Federated Learning,NDSS,https://arxiv.org/pdf/2202.04856.pdf,AwesomeFL_PDF/fl in top secure conference and journal/2023_PPA: Preference Profiling Attack Against Federated Learning.pdf
fl in top secure conference and journal,2023,Turning Privacy-preserving Mechanisms against Federated Learning,CCS,https://arxiv.org/pdf/2305.05355.pdf,AwesomeFL_PDF/fl in top secure conference and journal/2023_Turning Privacy-preserving Mechanisms against Federated Learning.pdf
fl in top secure conference and journal,2022,CERBERUS: Exploring Federated Prediction of Security Events,CCS,https://arxiv.org/pdf/2209.03050.pdf,AwesomeFL_PDF/fl in top secure conference and journal/2022_CERBERUS: Exploring Federated Prediction of Security Events.pdf
fl in top secure conference and journal,2022,EIFFeL: Ensuring Integrity for Federated Learning,CCS,https://arxiv.org/pdf/2112.12727.pdf,AwesomeFL_PDF/fl in top secure conference and journal/2022_EIFFeL: Ensuring Integrity for Federated Learning.pdf
fl in top secure conference and journal,2022,Eluding Secure Aggregation in Federated Learning via Model Inconsistency,CCS,https://arxiv.org/pdf/2111.07380.pdf,AwesomeFL_PDF/fl in top secure conference and journal/2022_Eluding Secure Aggregation in Federated Learning via Model Inconsistency.pdf
fl in top secure conference and journal,2022,Federated Boosted Decision Trees with Differential Privacy,CCS,https://arxiv.org/pdf/2210.02910.pdf,AwesomeFL_PDF/fl in top secure conference and journal/2022_Federated Boosted Decision Trees with Differential Privacy.pdf
fl in top secure conference and journal,2023,FedRecover: Recovering from Poisoning Attacks in Federated Learning using Historical Information,S&P,https://arxiv.org/pdf/2210.10936.pdf,AwesomeFL_PDF/fl in top secure conference and journal/2023_FedRecover: Recovering from Poisoning Attacks in Federated Learning using Historical Infor.pdf
fl in top secure conference and journal,2023,Scalable and Privacy-Preserving Federated Principal Component Analysis,S&P,https://arxiv.org/pdf/2304.00129.pdf,AwesomeFL_PDF/fl in top secure conference and journal/2023_Scalable and Privacy-Preserving Federated Principal Component Analysis.pdf
fl in top secure conference and journal,2023,BayBFed: Bayesian Backdoor Defense for Federated Learning,S&P,https://arxiv.org/pdf/2301.09508.pdf,AwesomeFL_PDF/fl in top secure conference and journal/2023_BayBFed: Bayesian Backdoor Defense for Federated Learning.pdf
fl in top secure conference and journal,2023,RoFL: Robustness of Secure Federated Learning.,S&P,https://arxiv.org/pdf/2107.03311.pdf,AwesomeFL_PDF/fl in top secure conference and journal/2023_RoFL: Robustness of Secure Federated Learning..pdf
fl in top secure conference and journal,2023,"Private, Efficient, and Accurate: Protecting Models Trained by Multi-party Learning with Differential Privacy",S&P,https://arxiv.org/pdf/2208.08662.pdf,"AwesomeFL_PDF/fl in top secure conference and journal/2023_Private, Efficient, and Accurate: Protecting Models Trained by Multi-party Learning with D.pdf"
fl in top secure conference and journal,2022,FLAME: Taming Backdoors in Federated Learning,USENIX Security,https://arxiv.org/pdf/2101.02281.pdf,AwesomeFL_PDF/fl in top secure conference and journal/2022_FLAME: Taming Backdoors in Federated Learning.pdf
fl in top secure conference and journal,2022,Local and Central Differential Privacy for Robustness and Privacy in Federated Learning,NDSS,https://arxiv.org/pdf/2009.03561.pdf,AwesomeFL_PDF/fl in top secure conference and journal/2022_Local and Central Differential Privacy for Robustness and Privacy in Federated Learning.pdf
fl in top secure conference and journal,2022,DeepSight: Mitigating Backdoor Attacks in Federated Learning Through Deep Model Inspection,NDSS,https://arxiv.org/pdf/2201.00763.pdf,AwesomeFL_PDF/fl in top secure conference and journal/2022_DeepSight: Mitigating Backdoor Attacks in Federated Learning Through Deep Model Inspection.pdf
fl in top secure conference and journal,2021,Private Hierarchical Clustering in Federated Networks,CCS,https://arxiv.org/pdf/2105.09057.pdf,AwesomeFL_PDF/fl in top secure conference and journal/2021_Private Hierarchical Clustering in Federated Networks.pdf
fl in top secure conference and journal,2021,FLTrust: Byzantine-robust Federated Learning via Trust Bootstrapping,NDSS,https://arxiv.org/pdf/2012.13995.pdf,AwesomeFL_PDF/fl in top secure conference and journal/2021_FLTrust: Byzantine-robust Federated Learning via Trust Bootstrapping.pdf
fl in top secure conference and journal,2020,Local Model Poisoning Attacks to Byzantine-Robust Federated Learning,USENIX Security,https://arxiv.org/pdf/1911.11815.pdf,AwesomeFL_PDF/fl in top secure conference and journal/2020_Local Model Poisoning Attacks to Byzantine-Robust Federated Learning.pdf
fl in top cv conference and journal,2024,FedHCA2: Towards Hetero-Client Federated Multi-Task Learning,CVPR,https://arxiv.org/pdf/2311.13250.pdf,AwesomeFL_PDF/fl in top cv conference and journal/2024_FedHCA2: Towards Hetero-Client Federated Multi-Task Learning.pdf
fl in top cv conference and journal,2024,Fair Federated Learning under Domain Skew with Local Consistency and Domain Diversity,CVPR,http://arxiv.org/pdf/2405.16585.pdf,AwesomeFL_PDF/fl in top cv conference and journal/2024_Fair Federated Learning under Domain Skew with Local Consistency and Domain Diversity.pdf
fl in top cv conference and journal,2024,Think Twice Before Selection: Federated Evidential Active Learning for Medical Image Analysis with Domain Shifts,CVPR,http://arxiv.org/pdf/2312.02567.pdf,AwesomeFL_PDF/fl in top cv conference and journal/2024_Think Twice Before Selection: Federated Evidential Active Learning for Medical Image Analy.pdf
fl in top cv conference and journal,2024,FedMef: Towards Memory-efficient Federated Dynamic Pruning,CVPR,http://arxiv.org/pdf/2403.14737.pdf,AwesomeFL_PDF/fl in top cv conference and journal/2024_FedMef: Towards Memory-efficient Federated Dynamic Pruning.pdf
fl in top cv conference and journal,2024,Communication-Efficient Federated Learning with Accelerated Client Gradient,CVPR,http://arxiv.org/pdf/2201.03172.pdf,AwesomeFL_PDF/fl in top cv conference and journal/2024_Communication-Efficient Federated Learning with Accelerated Client Gradient.pdf
fl in top cv conference and journal,2024,Towards Efficient Replay in Federated Incremental Learning,CVPR,http://arxiv.org/pdf/2403.05890.pdf,AwesomeFL_PDF/fl in top cv conference and journal/2024_Towards Efficient Replay in Federated Incremental Learning.pdf
fl in top cv conference and journal,2024,Mixed-Precision Quantization for Federated Learning on Resource-Constrained Heterogeneous Devices,CVPR,http://arxiv.org/pdf/2311.18129.pdf,AwesomeFL_PDF/fl in top cv conference and journal/2024_Mixed-Precision Quantization for Federated Learning on Resource-Constrained Heterogeneous .pdf
fl in top cv conference and journal,2024,Data Valuation and Detections in Federated Learning,CVPR,http://arxiv.org/pdf/2311.05304.pdf,AwesomeFL_PDF/fl in top cv conference and journal/2024_Data Valuation and Detections in Federated Learning.pdf
fl in top cv conference and journal,2024,Decentralized Directed Collaboration for Personalized Federated Learning,CVPR,http://arxiv.org/pdf/2405.17876.pdf,AwesomeFL_PDF/fl in top cv conference and journal/2024_Decentralized Directed Collaboration for Personalized Federated Learning.pdf
fl in top cv conference and journal,2024,Unlocking the Potential of Prompt-Tuning in Bridging Generalized and Personalized Federated Learning,CVPR,http://arxiv.org/pdf/2310.18285.pdf,AwesomeFL_PDF/fl in top cv conference and journal/2024_Unlocking the Potential of Prompt-Tuning in Bridging Generalized and Personalized Federate.pdf
fl in top cv conference and journal,2024,Global and Local Prompts Cooperation via Optimal Transport for Federated Learning,CVPR,http://arxiv.org/pdf/2403.00041.pdf,AwesomeFL_PDF/fl in top cv conference and journal/2024_Global and Local Prompts Cooperation via Optimal Transport for Federated Learning.pdf
fl in top cv conference and journal,2024,Rethinking the Representation in Federated Unsupervised Learning with Non-IID Data,CVPR,http://arxiv.org/pdf/2403.16398.pdf,AwesomeFL_PDF/fl in top cv conference and journal/2024_Rethinking the Representation in Federated Unsupervised Learning with Non-IID Data.pdf
fl in top cv conference and journal,2024,Relaxed Contrastive Learning for Federated Learning,CVPR,http://arxiv.org/pdf/2401.04928.pdf,AwesomeFL_PDF/fl in top cv conference and journal/2024_Relaxed Contrastive Learning for Federated Learning.pdf
fl in top cv conference and journal,2024,Leak and Learn: An Attacker's Cookbook to Train Using Leaked Data from Federated Learning,CVPR,https://arxiv.org/pdf/2403.18144.pdf,AwesomeFL_PDF/fl in top cv conference and journal/2024_Leak and Learn: An Attacker's Cookbook to Train Using Leaked Data from Federated Learning.pdf
fl in top cv conference and journal,2024,Federated Online Adaptation for Deep Stereo,CVPR,http://arxiv.org/pdf/2405.14873.pdf,AwesomeFL_PDF/fl in top cv conference and journal/2024_Federated Online Adaptation for Deep Stereo.pdf
fl in top cv conference and journal,2024,Federated Generalized Category Discovery,CVPR,https://arxiv.org/pdf/2305.14107.pdf,AwesomeFL_PDF/fl in top cv conference and journal/2024_Federated Generalized Category Discovery.pdf
fl in top cv conference and journal,2024,Efficiently Assemble Normalization Layers and Regularization for Federated Domain Generalization,CVPR,https://arxiv.org/pdf/2403.15605.pdf,AwesomeFL_PDF/fl in top cv conference and journal/2024_Efficiently Assemble Normalization Layers and Regularization for Federated Domain Generali.pdf
fl in top cv conference and journal,2024,Text-Enhanced Data-free Approach for Federated Class-Incremental Learning,CVPR,http://arxiv.org/pdf/2403.14101.pdf,AwesomeFL_PDF/fl in top cv conference and journal/2024_Text-Enhanced Data-free Approach for Federated Class-Incremental Learning.pdf
fl in top cv conference and journal,2024,PerAda: Parameter-Efficient Federated Learning Personalization with Generalization Guarantees,CVPR,https://arxiv.org/pdf/2302.06637.pdf,AwesomeFL_PDF/fl in top cv conference and journal/2024_PerAda: Parameter-Efficient Federated Learning Personalization with Generalization Guarant.pdf
fl in top cv conference and journal,2024,FedSOL: Stabilized Orthogonal Learning with Proximal Restrictions in Federated Learning,CVPR,http://arxiv.org/pdf/2308.12532.pdf,AwesomeFL_PDF/fl in top cv conference and journal/2024_FedSOL: Stabilized Orthogonal Learning with Proximal Restrictions in Federated Learning.pdf
fl in top cv conference and journal,2024,FedUV: Uniformity and Variance for Heterogeneous Federated Learning,CVPR,http://arxiv.org/pdf/2402.18372.pdf,AwesomeFL_PDF/fl in top cv conference and journal/2024_FedUV: Uniformity and Variance for Heterogeneous Federated Learning.pdf
fl in top cv conference and journal,2024,FedSelect: Personalized Federated Learning with Customized Selection of Parameters for Fine-Tuning,CVPR,https://arxiv.org/pdf/2404.02478.pdf,AwesomeFL_PDF/fl in top cv conference and journal/2024_FedSelect: Personalized Federated Learning with Customized Selection of Parameters for Fin.pdf
fl in top cv conference and journal,2024,DiPrompT: Disentangled Prompt Tuning for Multiple Latent Domain Generalization in Federated Learning,CVPR,https://arxiv.org/pdf/2403.08506.pdf,AwesomeFL_PDF/fl in top cv conference and journal/2024_DiPrompT: Disentangled Prompt Tuning for Multiple Latent Domain Generalization in Federate.pdf
fl in top cv conference and journal,2024,An Upload-Efficient Scheme for Transferring Knowledge From a Server-Side Pre-trained Generator to Clients in Heterogeneous Federated Learning,CVPR,https://arxiv.org/pdf/2403.15760.pdf,AwesomeFL_PDF/fl in top cv conference and journal/2024_An Upload-Efficient Scheme for Transferring Knowledge From a Server-Side Pre-trained Gener.pdf
fl in top cv conference and journal,2024,An Aggregation-Free Federated Learning for Tackling Data Heterogeneity,CVPR,https://arxiv.org/pdf/2404.18962.pdf,AwesomeFL_PDF/fl in top cv conference and journal/2024_An Aggregation-Free Federated Learning for Tackling Data Heterogeneity.pdf
fl in top cv conference and journal,2024,Collaborative Visual Place Recognition through Federated Learning,CVPR workshop,http://arxiv.org/pdf/2404.13324.pdf,AwesomeFL_PDF/fl in top cv conference and journal/2024_Collaborative Visual Place Recognition through Federated Learning.pdf
fl in top cv conference and journal,2024,FedProK: Trustworthy Federated Class-Incremental Learning via Prototypical Feature Knowledge Transfer,CVPR workshop,http://arxiv.org/pdf/2405.02685.pdf,AwesomeFL_PDF/fl in top cv conference and journal/2024_FedProK: Trustworthy Federated Class-Incremental Learning via Prototypical Feature Knowled.pdf
fl in top cv conference and journal,2024,On the Efficiency of Privacy Attacks in Federated Learning,CVPR workshop,http://arxiv.org/pdf/2404.09430.pdf,AwesomeFL_PDF/fl in top cv conference and journal/2024_On the Efficiency of Privacy Attacks in Federated Learning.pdf
fl in top cv conference and journal,2023,Towards Fast and Stable Federated Learning: Confronting Heterogeneity via Knowledge Anchor,MM,https://arxiv.org/pdf/2312.02416.pdf,AwesomeFL_PDF/fl in top cv conference and journal/2023_Towards Fast and Stable Federated Learning: Confronting Heterogeneity via Knowledge Anchor.pdf
fl in top cv conference and journal,2023,Federated Deep Multi-View Clustering with Global Self-Supervision,MM,https://arxiv.org/pdf/2309.13697.pdf,AwesomeFL_PDF/fl in top cv conference and journal/2023_Federated Deep Multi-View Clustering with Global Self-Supervision.pdf
fl in top cv conference and journal,2023,Joint Local Relational Augmentation and Global Nash Equilibrium for Federated Learning with Non-IID Data,MM,https://arxiv.org/pdf/2308.11646.pdf,AwesomeFL_PDF/fl in top cv conference and journal/2023_Joint Local Relational Augmentation and Global Nash Equilibrium for Federated Learning wit.pdf
fl in top cv conference and journal,2023,Cross-Silo Prototypical Calibration for Federated Learning with Non-IID Data,MM,https://arxiv.org/pdf/2308.03457.pdf,AwesomeFL_PDF/fl in top cv conference and journal/2023_Cross-Silo Prototypical Calibration for Federated Learning with Non-IID Data.pdf
fl in top cv conference and journal,2023,A Four-Pronged Defense Against Byzantine Attacks in Federated Learning,MM,https://arxiv.org/pdf/2308.03331.pdf,AwesomeFL_PDF/fl in top cv conference and journal/2023_A Four-Pronged Defense Against Byzantine Attacks in Federated Learning.pdf
fl in top cv conference and journal,2023,FedGH: Heterogeneous Federated Learning with Generalized Global Header,MM,https://arxiv.org/pdf/2303.13137.pdf,AwesomeFL_PDF/fl in top cv conference and journal/2023_FedGH: Heterogeneous Federated Learning with Generalized Global Header.pdf
fl in top cv conference and journal,2023,Cuing Without Sharing: A Federated Cued Speech Recognition Framework via Mutual Knowledge Distillation,MM,https://arxiv.org/pdf/2308.03432.pdf,AwesomeFL_PDF/fl in top cv conference and journal/2023_Cuing Without Sharing: A Federated Cued Speech Recognition Framework via Mutual Knowledge .pdf
fl in top cv conference and journal,2023,Towards Attack-tolerant Federated Learning via Critical Parameter Analysis,ICCV,http://arxiv.org/pdf/2308.09318.pdf,AwesomeFL_PDF/fl in top cv conference and journal/2023_Towards Attack-tolerant Federated Learning via Critical Parameter Analysis.pdf
fl in top cv conference and journal,2023,Efficient Model Personalization in Federated Learning via Client-Specific Prompt Generation,ICCV,https://arxiv.org/pdf/2308.15367.pdf,AwesomeFL_PDF/fl in top cv conference and journal/2023_Efficient Model Personalization in Federated Learning via Client-Specific Prompt Generatio.pdf
fl in top cv conference and journal,2023,GPFL: Simultaneously Learning Global and Personalized Feature Information for Personalized Federated Learning,ICCV,http://arxiv.org/pdf/2308.10279.pdf,AwesomeFL_PDF/fl in top cv conference and journal/2023_GPFL: Simultaneously Learning Global and Personalized Feature Information for Personalized.pdf
fl in top cv conference and journal,2023,PGFed: Personalize Each Client's Global Objective for Federated Learning,ICCV,https://arxiv.org/pdf/2212.01448.pdf,AwesomeFL_PDF/fl in top cv conference and journal/2023_PGFed: Personalize Each Client's Global Objective for Federated Learning.pdf
fl in top cv conference and journal,2023,FedPerfix: Towards Partial Model Personalization of Vision Transformers in Federated Learning,ICCV,https://arxiv.org/pdf/2308.09160.pdf,AwesomeFL_PDF/fl in top cv conference and journal/2023_FedPerfix: Towards Partial Model Personalization of Vision Transformers in Federated Learn.pdf
fl in top cv conference and journal,2023,L-DAWA: Layer-wise Divergence Aware Weight Aggregation in Federated Self-Supervised Visual Representation Learning,ICCV,https://arxiv.org/pdf/2307.07393.pdf,AwesomeFL_PDF/fl in top cv conference and journal/2023_L-DAWA: Layer-wise Divergence Aware Weight Aggregation in Federated Self-Supervised Visual.pdf
fl in top cv conference and journal,2023,TARGET: Federated Class-Continual Learning via Exemplar-Free Distillation,ICCV,http://arxiv.org/pdf/2303.06937.pdf,AwesomeFL_PDF/fl in top cv conference and journal/2023_TARGET: Federated Class-Continual Learning via Exemplar-Free Distillation.pdf
fl in top cv conference and journal,2023,Towards Instance-adaptive Inference for Federated Learning,ICCV,http://arxiv.org/pdf/2308.06051.pdf,AwesomeFL_PDF/fl in top cv conference and journal/2023_Towards Instance-adaptive Inference for Federated Learning.pdf
fl in top cv conference and journal,2023,Communication-efficient Federated Learning with Single-Step Synthetic Features Compressor for Faster Convergence,ICCV,http://arxiv.org/pdf/2302.13562.pdf,AwesomeFL_PDF/fl in top cv conference and journal/2023_Communication-efficient Federated Learning with Single-Step Synthetic Features Compressor .pdf
fl in top cv conference and journal,2023,zPROBE: Zero Peek Robustness Checks for Federated Learning,ICCV,http://arxiv.org/pdf/2206.12100.pdf,AwesomeFL_PDF/fl in top cv conference and journal/2023_zPROBE: Zero Peek Robustness Checks for Federated Learning.pdf
fl in top cv conference and journal,2023,ProtoFL: Unsupervised Federated Learning via Prototypical Distillation,ICCV,http://arxiv.org/pdf/2307.12450.pdf,AwesomeFL_PDF/fl in top cv conference and journal/2023_ProtoFL: Unsupervised Federated Learning via Prototypical Distillation.pdf
fl in top cv conference and journal,2023,MAS: Towards Resource-Efficient Federated Multiple-Task Learning,ICCV,http://arxiv.org/pdf/2307.11285.pdf,AwesomeFL_PDF/fl in top cv conference and journal/2023_MAS: Towards Resource-Efficient Federated Multiple-Task Learning.pdf
fl in top cv conference and journal,2023,FSAR: Federated Skeleton-based Action Recognition with Adaptive Topology Structure and Knowledge Distillation,ICCV,http://arxiv.org/pdf/2306.11046.pdf,AwesomeFL_PDF/fl in top cv conference and journal/2023_FSAR: Federated Skeleton-based Action Recognition with Adaptive Topology Structure and Kno.pdf
fl in top cv conference and journal,2023,When Do Curricula Work in Federated Learning?,ICCV,http://arxiv.org/pdf/2212.12712.pdf,AwesomeFL_PDF/fl in top cv conference and journal/2023_When Do Curricula Work in Federated Learning.pdf
fl in top cv conference and journal,2023,Communication-Efficient Vertical Federated Learning with Limited Overlapping Samples,ICCV,http://arxiv.org/pdf/2303.16270.pdf,AwesomeFL_PDF/fl in top cv conference and journal/2023_Communication-Efficient Vertical Federated Learning with Limited Overlapping Samples.pdf
fl in top cv conference and journal,2023,Multi-Metrics Adaptively Identifies Backdoors in Federated Learning,ICCV,http://arxiv.org/pdf/2303.06601.pdf,AwesomeFL_PDF/fl in top cv conference and journal/2023_Multi-Metrics Adaptively Identifies Backdoors in Federated Learning.pdf
fl in top cv conference and journal,2023,No Fear of Classifier Biases: Neural Collapse Inspired Federated Learning with Synthetic and Fixed Classifier,ICCV,http://arxiv.org/pdf/2303.10058.pdf,AwesomeFL_PDF/fl in top cv conference and journal/2023_No Fear of Classifier Biases: Neural Collapse Inspired Federated Learning with Synthetic a.pdf
fl in top cv conference and journal,2023,FRAug: Tackling Federated Learning with Non-IID Features via Representation Augmentation,ICCV,http://arxiv.org/pdf/2205.14900.pdf,AwesomeFL_PDF/fl in top cv conference and journal/2023_FRAug: Tackling Federated Learning with Non-IID Features via Representation Augmentation.pdf
fl in top cv conference and journal,2023,Bold but Cautious: Unlocking the Potential of Personalized Federated Learning through Cautiously Aggressive Collaboration,ICCV,http://arxiv.org/pdf/2309.11103.pdf,AwesomeFL_PDF/fl in top cv conference and journal/2023_Bold but Cautious: Unlocking the Potential of Personalized Federated Learning through Caut.pdf
fl in top cv conference and journal,2023,Knowledge-Aware Federated Active Learning with Non-IID Data,ICCV,http://arxiv.org/pdf/2211.13579.pdf,AwesomeFL_PDF/fl in top cv conference and journal/2023_Knowledge-Aware Federated Active Learning with Non-IID Data.pdf
fl in top cv conference and journal,2023,Local or Global: Selective Knowledge Assimilation for Federated Learning with Limited Labels,ICCV,http://arxiv.org/pdf/2307.08809.pdf,AwesomeFL_PDF/fl in top cv conference and journal/2023_Local or Global: Selective Knowledge Assimilation for Federated Learning with Limited Labe.pdf
fl in top cv conference and journal,2023,Federated Learning Over Images: Vertical Decompositions and Pre-Trained Backbones Are Difficult to Beat,ICCV,http://arxiv.org/pdf/2309.03237.pdf,AwesomeFL_PDF/fl in top cv conference and journal/2023_Federated Learning Over Images: Vertical Decompositions and Pre-Trained Backbones Are Diff.pdf
fl in top cv conference and journal,2023,Reducing Training Time in Cross-Silo Federated Learning Using Multigraph Topology,ICCV,http://arxiv.org/pdf/2207.09657.pdf,AwesomeFL_PDF/fl in top cv conference and journal/2023_Reducing Training Time in Cross-Silo Federated Learning Using Multigraph Topology.pdf
fl in top cv conference and journal,2023,Window-based Model Averaging Improves Generalization in Heterogeneous Federated Learning.,ICCV workshop,https://arxiv.org/pdf/2310.01366.pdf,AwesomeFL_PDF/fl in top cv conference and journal/2023_Window-based Model Averaging Improves Generalization in Heterogeneous Federated Learning..pdf
fl in top cv conference and journal,2023,The Resource Problem of Using Linear Layer Leakage Attack in Federated Learning,CVPR,http://arxiv.org/pdf/2303.14868.pdf,AwesomeFL_PDF/fl in top cv conference and journal/2023_The Resource Problem of Using Linear Layer Leakage Attack in Federated Learning.pdf
fl in top cv conference and journal,2023,On the Effectiveness of Partial Variance Reduction in Federated Learning With Heterogeneous Data,CVPR,https://arxiv.org/pdf/2212.02191.pdf,AwesomeFL_PDF/fl in top cv conference and journal/2023_On the Effectiveness of Partial Variance Reduction in Federated Learning With Heterogeneou.pdf
fl in top cv conference and journal,2023,FedDM: Iterative Distribution Matching for Communication-Efficient Federated Learning,CVPR,https://arxiv.org/pdf/2207.09653.pdf,AwesomeFL_PDF/fl in top cv conference and journal/2023_FedDM: Iterative Distribution Matching for Communication-Efficient Federated Learning.pdf
fl in top cv conference and journal,2023,Make Landscape Flatter in Differentially Private Federated Learning,CVPR,http://arxiv.org/pdf/2303.11242.pdf,AwesomeFL_PDF/fl in top cv conference and journal/2023_Make Landscape Flatter in Differentially Private Federated Learning.pdf
fl in top cv conference and journal,2023,Confidence-Aware Personalized Federated Learning via Variational Expectation Maximization,CVPR,https://arxiv.org/pdf/2305.12557.pdf,AwesomeFL_PDF/fl in top cv conference and journal/2023_Confidence-Aware Personalized Federated Learning via Variational Expectation Maximization.pdf
fl in top cv conference and journal,2023,STDLens: Model Hijacking-Resilient Federated Learning for Object Detection,CVPR,http://arxiv.org/pdf/2303.11511.pdf,AwesomeFL_PDF/fl in top cv conference and journal/2023_STDLens: Model Hijacking-Resilient Federated Learning for Object Detection.pdf
fl in top cv conference and journal,2023,Re-Thinking Federated Active Learning Based on Inter-Class Diversity,CVPR,http://arxiv.org/pdf/2303.12317.pdf,AwesomeFL_PDF/fl in top cv conference and journal/2023_Re-Thinking Federated Active Learning Based on Inter-Class Diversity.pdf
fl in top cv conference and journal,2023,Learning Federated Visual Prompt in Null Space for MRI Reconstruction,CVPR,http://arxiv.org/pdf/2303.16181.pdf,AwesomeFL_PDF/fl in top cv conference and journal/2023_Learning Federated Visual Prompt in Null Space for MRI Reconstruction.pdf
fl in top cv conference and journal,2023,Fair Federated Medical Image Segmentation via Client Contribution Estimation,CVPR,http://arxiv.org/pdf/2303.16520.pdf,AwesomeFL_PDF/fl in top cv conference and journal/2023_Fair Federated Medical Image Segmentation via Client Contribution Estimation.pdf
fl in top cv conference and journal,2023,GradMA: A Gradient-Memory-Based Accelerated Federated Learning With Alleviated Catastrophic Forgetting,CVPR,http://arxiv.org/pdf/2302.14307.pdf,AwesomeFL_PDF/fl in top cv conference and journal/2023_GradMA: A Gradient-Memory-Based Accelerated Federated Learning With Alleviated Catastrophi.pdf
fl in top cv conference and journal,2023,Federated Incremental Semantic Segmentation,CVPR,https://arxiv.org/pdf/2304.04620.pdf,AwesomeFL_PDF/fl in top cv conference and journal/2023_Federated Incremental Semantic Segmentation.pdf
fl in top cv conference and journal,2023,Asynchronous Federated Continual Learning,CVPR workshop,http://arxiv.org/pdf/2304.03626.pdf,AwesomeFL_PDF/fl in top cv conference and journal/2023_Asynchronous Federated Continual Learning.pdf
fl in top cv conference and journal,2023,OpenFed: A Comprehensive and Versatile Open-Source Federated Learning Framework,CVPR workshop,https://arxiv.org/pdf/2109.07852.pdf,AwesomeFL_PDF/fl in top cv conference and journal/2023_OpenFed: A Comprehensive and Versatile Open-Source Federated Learning Framework.pdf
fl in top cv conference and journal,2023,Federated Learning in Non-IID Settings Aided by Differentially Private Synthetic Data,CVPR workshop,https://arxiv.org/pdf/2206.00686.pdf,AwesomeFL_PDF/fl in top cv conference and journal/2023_Federated Learning in Non-IID Settings Aided by Differentially Private Synthetic Data.pdf
fl in top cv conference and journal,2023,TimelyFL: Heterogeneity-Aware Asynchronous Federated Learning With Adaptive Partial Training,CVPR workshop,http://arxiv.org/pdf/2304.06947.pdf,AwesomeFL_PDF/fl in top cv conference and journal/2023_TimelyFL: Heterogeneity-Aware Asynchronous Federated Learning With Adaptive Partial Traini.pdf
fl in top cv conference and journal,2022,Auto-FedRL: Federated Hyperparameter Optimization for Multi-Institutional Medical Image Segmentation,ECCV,https://arxiv.org/pdf/2203.06338.pdf,AwesomeFL_PDF/fl in top cv conference and journal/2022_Auto-FedRL: Federated Hyperparameter Optimization for Multi-Institutional Medical Image Se.pdf
fl in top cv conference and journal,2022,Improving Generalization in Federated Learning by Seeking Flat Minima,ECCV,https://arxiv.org/pdf/2203.11834.pdf,AwesomeFL_PDF/fl in top cv conference and journal/2022_Improving Generalization in Federated Learning by Seeking Flat Minima.pdf
fl in top cv conference and journal,2022,AdaBest: Minimizing Client Drift in Federated Learning via Adaptive Bias Estimation,ECCV,https://arxiv.org/pdf/2204.13170.pdf,AwesomeFL_PDF/fl in top cv conference and journal/2022_AdaBest: Minimizing Client Drift in Federated Learning via Adaptive Bias Estimation.pdf
fl in top cv conference and journal,2022,SphereFed: Hyperspherical Federated Learning,ECCV,https://arxiv.org/pdf/2207.09413.pdf,AwesomeFL_PDF/fl in top cv conference and journal/2022_SphereFed: Hyperspherical Federated Learning.pdf
fl in top cv conference and journal,2022,Federated Self-Supervised Learning for Video Understanding,ECCV,https://arxiv.org/pdf/2207.01975.pdf,AwesomeFL_PDF/fl in top cv conference and journal/2022_Federated Self-Supervised Learning for Video Understanding.pdf
fl in top cv conference and journal,2022,FedVLN: Privacy-Preserving Federated Vision-and-Language Navigation,ECCV,https://arxiv.org/pdf/2203.14936.pdf,AwesomeFL_PDF/fl in top cv conference and journal/2022_FedVLN: Privacy-Preserving Federated Vision-and-Language Navigation.pdf
fl in top cv conference and journal,2022,FedX: Unsupervised Federated Learning with Cross Knowledge Distillation,ECCV,https://arxiv.org/pdf/2207.09158.pdf,AwesomeFL_PDF/fl in top cv conference and journal/2022_FedX: Unsupervised Federated Learning with Cross Knowledge Distillation.pdf
fl in top cv conference and journal,2022,Personalizing Federated Medical Image Segmentation via Local Calibration,ECCV,https://arxiv.org/pdf/2207.04655.pdf,AwesomeFL_PDF/fl in top cv conference and journal/2022_Personalizing Federated Medical Image Segmentation via Local Calibration.pdf
fl in top cv conference and journal,2022,Rethinking Architecture Design for Tackling Data Heterogeneity in Federated Learning,CVPR,http://arxiv.org/pdf/2106.06047.pdf,AwesomeFL_PDF/fl in top cv conference and journal/2022_Rethinking Architecture Design for Tackling Data Heterogeneity in Federated Learning.pdf
fl in top cv conference and journal,2022,FedCorr: Multi-Stage Federated Learning for Label Noise Correction,CVPR,http://arxiv.org/pdf/2204.04677.pdf,AwesomeFL_PDF/fl in top cv conference and journal/2022_FedCorr: Multi-Stage Federated Learning for Label Noise Correction.pdf
fl in top cv conference and journal,2022,FedCor: Correlation-Based Active Client Selection Strategy for Heterogeneous Federated Learning,CVPR,http://arxiv.org/pdf/2103.13822.pdf,AwesomeFL_PDF/fl in top cv conference and journal/2022_FedCor: Correlation-Based Active Client Selection Strategy for Heterogeneous Federated Lea.pdf
fl in top cv conference and journal,2022,Layer-Wised Model Aggregation for Personalized Federated Learning,CVPR,http://arxiv.org/pdf/2205.03993.pdf,AwesomeFL_PDF/fl in top cv conference and journal/2022_Layer-Wised Model Aggregation for Personalized Federated Learning.pdf
fl in top cv conference and journal,2022,Local Learning Matters: Rethinking Data Heterogeneity in Federated Learning,CVPR,http://arxiv.org/pdf/2111.14213.pdf,AwesomeFL_PDF/fl in top cv conference and journal/2022_Local Learning Matters: Rethinking Data Heterogeneity in Federated Learning.pdf
fl in top cv conference and journal,2022,Federated Learning With Position-Aware Neurons,CVPR,http://arxiv.org/pdf/2203.14666.pdf,AwesomeFL_PDF/fl in top cv conference and journal/2022_Federated Learning With Position-Aware Neurons.pdf
fl in top cv conference and journal,2022,RSCFed: Random Sampling Consensus Federated Semi-Supervised Learning,CVPR,http://arxiv.org/pdf/2203.13993.pdf,AwesomeFL_PDF/fl in top cv conference and journal/2022_RSCFed: Random Sampling Consensus Federated Semi-Supervised Learning.pdf
fl in top cv conference and journal,2022,ResSFL: A Resistance Transfer Framework for Defending Model Inversion Attack in Split Federated Learning,CVPR,http://arxiv.org/pdf/2205.04007.pdf,AwesomeFL_PDF/fl in top cv conference and journal/2022_ResSFL: A Resistance Transfer Framework for Defending Model Inversion Attack in Split Fede.pdf
fl in top cv conference and journal,2022,FedDC: Federated Learning With Non-IID Data via Local Drift Decoupling and Correction,CVPR,http://arxiv.org/pdf/2203.11751.pdf,AwesomeFL_PDF/fl in top cv conference and journal/2022_FedDC: Federated Learning With Non-IID Data via Local Drift Decoupling and Correction.pdf
fl in top cv conference and journal,2022,Federated Class-Incremental Learning,CVPR,http://arxiv.org/pdf/2203.11473.pdf,AwesomeFL_PDF/fl in top cv conference and journal/2022_Federated Class-Incremental Learning.pdf
fl in top cv conference and journal,2022,Fine-Tuning Global Model via Data-Free Knowledge Distillation for Non-IID Federated Learning,CVPR,http://arxiv.org/pdf/2203.09249.pdf,AwesomeFL_PDF/fl in top cv conference and journal/2022_Fine-Tuning Global Model via Data-Free Knowledge Distillation for Non-IID Federated Learni.pdf
fl in top cv conference and journal,2022,Differentially Private Federated Learning With Local Regularization and Sparsification,CVPR,http://arxiv.org/pdf/2203.03106.pdf,AwesomeFL_PDF/fl in top cv conference and journal/2022_Differentially Private Federated Learning With Local Regularization and Sparsification.pdf
fl in top cv conference and journal,2022,Auditing Privacy Defenses in Federated Learning via Generative Gradient Leakage,CVPR,http://arxiv.org/pdf/2203.15696.pdf,AwesomeFL_PDF/fl in top cv conference and journal/2022_Auditing Privacy Defenses in Federated Learning via Generative Gradient Leakage.pdf
fl in top cv conference and journal,2022,CD2-pFed: Cyclic Distillation-Guided Channel Decoupling for Model Personalization in Federated Learning,CVPR,https://arxiv.org/pdf/2204.03880.pdf,AwesomeFL_PDF/fl in top cv conference and journal/2022_CD2-pFed: Cyclic Distillation-Guided Channel Decoupling for Model Personalization in Feder.pdf
fl in top cv conference and journal,2022,Closing the Generalization Gap of Cross-Silo Federated Medical Image Segmentation,CVPR,http://arxiv.org/pdf/2203.10144.pdf,AwesomeFL_PDF/fl in top cv conference and journal/2022_Closing the Generalization Gap of Cross-Silo Federated Medical Image Segmentation.pdf
fl in top cv conference and journal,2022,Adaptive Differential Filters for Fast and Communication-Efficient Federated Learning,CVPR workshop,https://arxiv.org/pdf/2204.04424.pdf,AwesomeFL_PDF/fl in top cv conference and journal/2022_Adaptive Differential Filters for Fast and Communication-Efficient Federated Learning.pdf
fl in top cv conference and journal,2022,MPAF: Model Poisoning Attacks to Federated Learning Based on Fake Clients,CVPR workshop,https://arxiv.org/pdf/2203.08669.pdf,AwesomeFL_PDF/fl in top cv conference and journal/2022_MPAF: Model Poisoning Attacks to Federated Learning Based on Fake Clients.pdf
fl in top cv conference and journal,2021,Multi-Institutional Collaborations for Improving Deep Learning-Based Magnetic Resonance Image Reconstruction Using Federated Learning,CVPR,https://arxiv.org/pdf/2103.02148.pdf,AwesomeFL_PDF/fl in top cv conference and journal/2021_Multi-Institutional Collaborations for Improving Deep Learning-Based Magnetic Resonance Im.pdf
fl in top cv conference and journal,2021,Model-Contrastive Federated Learning :fire:,CVPR,https://arxiv.org/pdf/2103.16257.pdf,AwesomeFL_PDF/fl in top cv conference and journal/2021_Model-Contrastive Federated Learning :fire:.pdf
fl in top cv conference and journal,2021,FedDG: Federated Domain Generalization on Medical Image Segmentation via Episodic Learning in Continuous Frequency Space :fire:,CVPR,https://arxiv.org/pdf/2103.06030.pdf,AwesomeFL_PDF/fl in top cv conference and journal/2021_FedDG: Federated Domain Generalization on Medical Image Segmentation via Episodic Learning.pdf
fl in top cv conference and journal,2021,Soteria: Provable Defense Against Privacy Leakage in Federated Learning From Representation Perspective,CVPR,https://arxiv.org/pdf/2012.06043.pdf,AwesomeFL_PDF/fl in top cv conference and journal/2021_Soteria: Provable Defense Against Privacy Leakage in Federated Learning From Representatio.pdf
fl in top cv conference and journal,2021,Collaborative Unsupervised Visual Representation Learning from Decentralized Data,ICCV,https://arxiv.org/pdf/2108.06492.pdf,AwesomeFL_PDF/fl in top cv conference and journal/2021_Collaborative Unsupervised Visual Representation Learning from Decentralized Data.pdf
fl in top cv conference and journal,2021,Joint Optimization in Edge-Cloud Continuum for Federated Unsupervised Person Re-identification,MM,https://arxiv.org/pdf/2108.06493.pdf,AwesomeFL_PDF/fl in top cv conference and journal/2021_Joint Optimization in Edge-Cloud Continuum for Federated Unsupervised Person Re-identifica.pdf
fl in top cv conference and journal,2020,Federated Visual Classification with Real-World Data Distribution,ECCV,https://arxiv.org/pdf/2003.08082.pdf,AwesomeFL_PDF/fl in top cv conference and journal/2020_Federated Visual Classification with Real-World Data Distribution.pdf
fl in top cv conference and journal,2020,Performance Optimization of Federated Person Re-identification via Benchmark Analysis **`data.`**,MM,https://arxiv.org/pdf/2008.11560.pdf,AwesomeFL_PDF/fl in top cv conference and journal/2020_Performance Optimization of Federated Person Re-identification via Benchmark Analysis `dat.pdf
fl in top nlp conference and journal,2023,Federated Learning of Large Language Models with Parameter-Efficient Prompt Tuning and Adaptive Optimization,EMNLP,https://arxiv.org/pdf/2310.15080.pdf,AwesomeFL_PDF/fl in top nlp conference and journal/2023_Federated Learning of Large Language Models with Parameter-Efficient Prompt Tuning and Ada.pdf
fl in top nlp conference and journal,2023,FedTherapist: Mental Health Monitoring with User-Generated Linguistic Expressions on Smartphones via Federated Learning,EMNLP,https://arxiv.org/pdf/2310.16538.pdf,AwesomeFL_PDF/fl in top nlp conference and journal/2023_FedTherapist: Mental Health Monitoring with User-Generated Linguistic Expressions on Smart.pdf
fl in top nlp conference and journal,2023,Coordinated Replay Sample Selection for Continual Federated Learning,EMNLP industry Track,https://arxiv.org/pdf/2310.15054.pdf,AwesomeFL_PDF/fl in top nlp conference and journal/2023_Coordinated Replay Sample Selection for Continual Federated Learning.pdf
fl in top nlp conference and journal,2023,Tunable Soft Prompts are Messengers in Federated Learning,EMNLP Findings,https://arxiv.org/pdf/2311.06805.pdf,AwesomeFL_PDF/fl in top nlp conference and journal/2023_Tunable Soft Prompts are Messengers in Federated Learning.pdf
fl in top nlp conference and journal,2023,"Federated Learning for Semantic Parsing: Task Formulation, Evaluation Setup, New Algorithms",ACL,https://arxiv.org/pdf/2305.17221.pdf,"AwesomeFL_PDF/fl in top nlp conference and journal/2023_Federated Learning for Semantic Parsing: Task Formulation, Evaluation Setup, New Algorithm.pdf"
fl in top nlp conference and journal,2023,Communication Efficient Federated Learning for Multilingual Neural Machine Translation with Adapter,ACL Findings,https://arxiv.org/pdf/2305.12449.pdf,AwesomeFL_PDF/fl in top nlp conference and journal/2023_Communication Efficient Federated Learning for Multilingual Neural Machine Translation wit.pdf
fl in top nlp conference and journal,2023,Federated Learning of Gboard Language Models with Differential Privacy,ACL Industry Track,https://arxiv.org/pdf/2305.18465.pdf,AwesomeFL_PDF/fl in top nlp conference and journal/2023_Federated Learning of Gboard Language Models with Differential Privacy.pdf
fl in top nlp conference and journal,2022,Backdoor Attacks in Federated Learning by Rare Embeddings and Gradient Ensembling,EMNLP,https://arxiv.org/pdf/2204.14017.pdf,AwesomeFL_PDF/fl in top nlp conference and journal/2022_Backdoor Attacks in Federated Learning by Rare Embeddings and Gradient Ensembling.pdf
fl in top nlp conference and journal,2022,A Federated Approach to Predicting Emojis in Hindi Tweets,EMNLP,https://arxiv.org/pdf/2211.06401.pdf,AwesomeFL_PDF/fl in top nlp conference and journal/2022_A Federated Approach to Predicting Emojis in Hindi Tweets.pdf
fl in top nlp conference and journal,2022,Fair NLP Models with Differentially Private Text Encoders,EMNLP,https://arxiv.org/pdf/2205.06135.pdf,AwesomeFL_PDF/fl in top nlp conference and journal/2022_Fair NLP Models with Differentially Private Text Encoders.pdf
fl in top nlp conference and journal,2022,Federated Continual Learning for Text Classification via Selective Inter-client Transfer,EMNLP Findings,https://arxiv.org/pdf/2210.06101.pdf,AwesomeFL_PDF/fl in top nlp conference and journal/2022_Federated Continual Learning for Text Classification via Selective Inter-client Transfer.pdf
fl in top nlp conference and journal,2022,Efficient Federated Learning on Knowledge Graphs via Privacy-preserving Relation Embedding Aggregation **`kg.`**,EMNLP Findings,https://arxiv.org/pdf/2203.09553.pdf,AwesomeFL_PDF/fl in top nlp conference and journal/2022_Efficient Federated Learning on Knowledge Graphs via Privacy-preserving Relation Embedding.pdf
fl in top nlp conference and journal,2022,Dim-Krum: Backdoor-Resistant Federated Learning for NLP with Dimension-wise Krum-Based Aggregation,EMNLP Findings,https://arxiv.org/pdf/2210.06894.pdf,AwesomeFL_PDF/fl in top nlp conference and journal/2022_Dim-Krum: Backdoor-Resistant Federated Learning for NLP with Dimension-wise Krum-Based Agg.pdf
fl in top nlp conference and journal,2022,Scaling Language Model Size in Cross-Device Federated Learning,ACL workshop,https://arxiv.org/pdf/2204.09715.pdf,AwesomeFL_PDF/fl in top nlp conference and journal/2022_Scaling Language Model Size in Cross-Device Federated Learning.pdf
fl in top nlp conference and journal,2022,Intrinsic Gradient Compression for Scalable and Efficient Federated Learning,ACL workshop,https://arxiv.org/pdf/2112.02656.pdf,AwesomeFL_PDF/fl in top nlp conference and journal/2022_Intrinsic Gradient Compression for Scalable and Efficient Federated Learning.pdf
fl in top nlp conference and journal,2022,FedNLP: Benchmarking Federated Learning Methods for Natural Language Processing Tasks :fire:,NAACL,https://arxiv.org/pdf/2104.08815.pdf,AwesomeFL_PDF/fl in top nlp conference and journal/2022_FedNLP: Benchmarking Federated Learning Methods for Natural Language Processing Tasks :fir.pdf
fl in top nlp conference and journal,2022,Federated Learning with Noisy User Feedback,NAACL,https://arxiv.org/pdf/2205.03092.pdf,AwesomeFL_PDF/fl in top nlp conference and journal/2022_Federated Learning with Noisy User Feedback.pdf
fl in top nlp conference and journal,2022,Training Mixed-Domain Translation Models via Federated Learning,NAACL,https://arxiv.org/pdf/2205.01557.pdf,AwesomeFL_PDF/fl in top nlp conference and journal/2022_Training Mixed-Domain Translation Models via Federated Learning.pdf
fl in top nlp conference and journal,2022,Pretrained Models for Multilingual Federated Learning,NAACL,https://arxiv.org/pdf/2206.02291.pdf,AwesomeFL_PDF/fl in top nlp conference and journal/2022_Pretrained Models for Multilingual Federated Learning.pdf
fl in top nlp conference and journal,2021,Efficient-FedRec: Efficient Federated Learning Framework for Privacy-Preserving News Recommendation,EMNLP,https://arxiv.org/pdf/2109.05446.pdf,AwesomeFL_PDF/fl in top nlp conference and journal/2021_Efficient-FedRec: Efficient Federated Learning Framework for Privacy-Preserving News Recom.pdf
fl in top nlp conference and journal,2021,A Secure and Efficient Federated Learning Framework for NLP,EMNLP,https://arxiv.org/pdf/2201.11934.pdf,AwesomeFL_PDF/fl in top nlp conference and journal/2021_A Secure and Efficient Federated Learning Framework for NLP.pdf
fl in top nlp conference and journal,2021,Distantly Supervised Relation Extraction in Federated Settings,EMNLP workshop,https://arxiv.org/pdf/2008.05049.pdf,AwesomeFL_PDF/fl in top nlp conference and journal/2021_Distantly Supervised Relation Extraction in Federated Settings.pdf
fl in top nlp conference and journal,2021,Federated Learning with Noisy User Feedback,NAACL workshop,https://arxiv.org/pdf/2205.03092.pdf,AwesomeFL_PDF/fl in top nlp conference and journal/2021_Federated Learning with Noisy User Feedback.pdf
fl in top nlp conference and journal,2021,Understanding Unintended Memorization in Language Models Under Federated Learning,NAACL workshop,https://arxiv.org/pdf/2006.07490.pdf,AwesomeFL_PDF/fl in top nlp conference and journal/2021_Understanding Unintended Memorization in Language Models Under Federated Learning.pdf
fl in top nlp conference and journal,2019,Two-stage Federated Phenotyping and Patient Representation Learning,ACL workshop,https://arxiv.org/pdf/1908.05596.pdf,AwesomeFL_PDF/fl in top nlp conference and journal/2019_Two-stage Federated Phenotyping and Patient Representation Learning.pdf
fl in top ir conference and journal,2024,FeB4RAG: Evaluating Federated Search in the Context of Retrieval Augmented Generation,SIGIR,https://arxiv.org/pdf/2402.11891.pdf,AwesomeFL_PDF/fl in top ir conference and journal/2024_FeB4RAG: Evaluating Federated Search in the Context of Retrieval Augmented Generation.pdf
fl in top ir conference and journal,2023,Manipulating Federated Recommender Systems: Poisoning with Synthetic Users and Its Countermeasures,SIGIR,https://arxiv.org/pdf/2304.03054.pdf,AwesomeFL_PDF/fl in top ir conference and journal/2023_Manipulating Federated Recommender Systems: Poisoning with Synthetic Users and Its Counter.pdf
fl in top ir conference and journal,2023,FedAds: A Benchmark for Privacy-Preserving CVR Estimation with Vertical Federated Learning,SIGIR,https://arxiv.org/pdf/2305.08328.pdf,AwesomeFL_PDF/fl in top ir conference and journal/2023_FedAds: A Benchmark for Privacy-Preserving CVR Estimation with Vertical Federated Learning.pdf
fl in top ir conference and journal,2023,Edge-cloud Collaborative Learning with Federated and Centralized Features (short-paper),SIGIR,https://arxiv.org/pdf/2304.05871.pdf,AwesomeFL_PDF/fl in top ir conference and journal/2023_Edge-cloud Collaborative Learning with Federated and Centralized Features (short-paper).pdf
fl in top ir conference and journal,2021,FedCT: Federated Collaborative Transfer for Recommendation,SIGIR,http://yongfeng.me/attach/liu-sigir2021.pdf,AwesomeFL_PDF/fl in top ir conference and journal/2021_FedCT: Federated Collaborative Transfer for Recommendation.pdf
fl in top ir conference and journal,2020,Meta Matrix Factorization for Federated Rating Predictions.,SIGIR,https://arxiv.org/pdf/1910.10086.pdf,AwesomeFL_PDF/fl in top ir conference and journal/2020_Meta Matrix Factorization for Federated Rating Predictions..pdf
fl in top db conference and journal,2024,Communication Efficient and Provable Federated Unlearning,VLDB,https://arxiv.org/pdf/2401.11018.pdf,AwesomeFL_PDF/fl in top db conference and journal/2024_Communication Efficient and Provable Federated Unlearning.pdf
fl in top db conference and journal,2023,FedKNOW: Federated Continual Learning with Signature Task Knowledge Integration at Edge,ICDE,https://arxiv.org/pdf/2212.01738.pdf,AwesomeFL_PDF/fl in top db conference and journal/2023_FedKNOW: Federated Continual Learning with Signature Task Knowledge Integration at Edge.pdf
fl in top db conference and journal,2023,Lumos: Heterogeneity-aware Federated Graph Learning over Decentralized Devices,ICDE,https://arxiv.org/pdf/2303.00492.pdf,AwesomeFL_PDF/fl in top db conference and journal/2023_Lumos: Heterogeneity-aware Federated Graph Learning over Decentralized Devices.pdf
fl in top db conference and journal,2023,FS-Real: A Real-World Cross-Device Federated Learning Platform.,VLDB,https://arxiv.org/pdf/2303.13363.pdf,AwesomeFL_PDF/fl in top db conference and journal/2023_FS-Real: A Real-World Cross-Device Federated Learning Platform..pdf
fl in top db conference and journal,2023,Federated Calibration and Evaluation of Binary Classifiers.,VLDB,https://arxiv.org/pdf/2210.12526.pdf,AwesomeFL_PDF/fl in top db conference and journal/2023_Federated Calibration and Evaluation of Binary Classifiers..pdf
fl in top db conference and journal,2023,Olive: Oblivious Federated Learning on Trusted Execution Environment Against the Risk of Sparsification.,VLDB,https://arxiv.org/pdf/2202.07165.pdf,AwesomeFL_PDF/fl in top db conference and journal/2023_Olive: Oblivious Federated Learning on Trusted Execution Environment Against the Risk of S.pdf
fl in top db conference and journal,2023,Differentially Private Vertical Federated Clustering.,VLDB,https://arxiv.org/pdf/2208.01700.pdf,AwesomeFL_PDF/fl in top db conference and journal/2023_Differentially Private Vertical Federated Clustering..pdf
fl in top db conference and journal,2023,FederatedScope: A Flexible Federated Learning Platform for Heterogeneity. :fire:,VLDB,https://arxiv.org/pdf/2204.05011.pdf,AwesomeFL_PDF/fl in top db conference and journal/2023_FederatedScope: A Flexible Federated Learning Platform for Heterogeneity. :fire:.pdf
fl in top db conference and journal,2023,Secure Shapley Value for Cross-Silo Federated Learning.,VLDB,https://arxiv.org/pdf/2209.04856.pdf,AwesomeFL_PDF/fl in top db conference and journal/2023_Secure Shapley Value for Cross-Silo Federated Learning..pdf
fl in top db conference and journal,2022,OpBoost: A Vertical Federated Tree Boosting Framework Based on Order-Preserving Desensitization,VLDB,https://arxiv.org/pdf/2210.01318.pdf,AwesomeFL_PDF/fl in top db conference and journal/2022_OpBoost: A Vertical Federated Tree Boosting Framework Based on Order-Preserving Desensitiz.pdf
fl in top db conference and journal,2022,Towards Communication-efficient Vertical Federated Learning Training via Cache-enabled Local Update,VLDB,https://arxiv.org/pdf/2207.14628.pdf,AwesomeFL_PDF/fl in top db conference and journal/2022_Towards Communication-efficient Vertical Federated Learning Training via Cache-enabled Loc.pdf
fl in top db conference and journal,2022,Improving Fairness for Data Valuation in Horizontal Federated Learning,ICDE,https://arxiv.org/pdf/2109.09046.pdf,AwesomeFL_PDF/fl in top db conference and journal/2022_Improving Fairness for Data Valuation in Horizontal Federated Learning.pdf
fl in top db conference and journal,2022,FedADMM: A Robust Federated Deep Learning Framework with Adaptivity to System Heterogeneity,ICDE,https://arxiv.org/pdf/2204.03529.pdf,AwesomeFL_PDF/fl in top db conference and journal/2022_FedADMM: A Robust Federated Deep Learning Framework with Adaptivity to System Heterogeneit.pdf
fl in top db conference and journal,2022,Federated Learning on Non-IID Data Silos: An Experimental Study. :fire:,ICDE,https://arxiv.org/pdf/2102.02079.pdf,AwesomeFL_PDF/fl in top db conference and journal/2022_Federated Learning on Non-IID Data Silos: An Experimental Study. :fire:.pdf
fl in top db conference and journal,2022,FedRecAttack: Model Poisoning Attack to Federated Recommendation,ICDE,https://arxiv.org/pdf/2204.01499.pdf,AwesomeFL_PDF/fl in top db conference and journal/2022_FedRecAttack: Model Poisoning Attack to Federated Recommendation.pdf
fl in top db conference and journal,2022,BlindFL: Vertical Federated Machine Learning without Peeking into Your Data,SIGMOD,https://arxiv.org/pdf/2206.07975.pdf,AwesomeFL_PDF/fl in top db conference and journal/2022_BlindFL: Vertical Federated Machine Learning without Peeking into Your Data.pdf
fl in top db conference and journal,2021,Feature Inference Attack on Model Predictions in Vertical Federated Learning,ICDE,https://arxiv.org/pdf/2010.10152.pdf,AwesomeFL_PDF/fl in top db conference and journal/2021_Feature Inference Attack on Model Predictions in Vertical Federated Learning.pdf
fl in top db conference and journal,2021,Enabling SQL-based Training Data Debugging for Federated Learning,VLDB,https://arxiv.org/pdf/2108.11884.pdf,AwesomeFL_PDF/fl in top db conference and journal/2021_Enabling SQL-based Training Data Debugging for Federated Learning.pdf
fl in top db conference and journal,2020,Privacy Preserving Vertical Federated Learning for Tree-based Models,VLDB,https://arxiv.org/pdf/2008.06170.pdf,AwesomeFL_PDF/fl in top db conference and journal/2020_Privacy Preserving Vertical Federated Learning for Tree-based Models.pdf
fl in top network conference and journal,2024,ADMarker: A Multi-Modal Federated Learning System for Monitoring Digital Biomarkers of Alzheimer's Disease,MobiCom,https://arxiv.org/pdf/2310.15301.pdf,AwesomeFL_PDF/fl in top network conference and journal/2024_ADMarker: A Multi-Modal Federated Learning System for Monitoring Digital Biomarkers of Alz.pdf
fl in top network conference and journal,2024,Prompt-enhanced Federated Content Representation Learning for Cross-domain Recommendation,WWW,https://arxiv.org/pdf/2401.14678.pdf,AwesomeFL_PDF/fl in top network conference and journal/2024_Prompt-enhanced Federated Content Representation Learning for Cross-domain Recommendation.pdf
fl in top network conference and journal,2024,PAGE: Equilibrate Personalization and Generalization in Federated Learning,WWW,https://arxiv.org/pdf/2310.08961.pdf,AwesomeFL_PDF/fl in top network conference and journal/2024_PAGE: Equilibrate Personalization and Generalization in Federated Learning.pdf
fl in top network conference and journal,2024,Towards Efficient Communication and Secure Federated Recommendation System via Low-rank Training,WWW,https://arxiv.org/pdf/2401.03748.pdf,AwesomeFL_PDF/fl in top network conference and journal/2024_Towards Efficient Communication and Secure Federated Recommendation System via Low-rank Tr.pdf
fl in top network conference and journal,2024,BlockDFL: A Blockchain-based Fully Decentralized Peer-to-Peer Federated Learning Framework,WWW,https://arxiv.org/pdf/2205.10568.pdf,AwesomeFL_PDF/fl in top network conference and journal/2024_BlockDFL: A Blockchain-based Fully Decentralized Peer-to-Peer Federated Learning Framework.pdf
fl in top network conference and journal,2024,Towards Personalized Privacy: User-Governed Data Contribution for Federated Recommendation,WWW,https://arxiv.org/pdf/2401.17630.pdf,AwesomeFL_PDF/fl in top network conference and journal/2024_Towards Personalized Privacy: User-Governed Data Contribution for Federated Recommendation.pdf
fl in top network conference and journal,2024,Federated Heterogeneous Graph Neural Network for Privacy-preserving Recommendation,WWW,https://arxiv.org/pdf/2310.11730.pdf,AwesomeFL_PDF/fl in top network conference and journal/2024_Federated Heterogeneous Graph Neural Network for Privacy-preserving Recommendation.pdf
fl in top network conference and journal,2024,Poisoning Federated Recommender Systems with Fake Users,WWW,https://arxiv.org/pdf/2402.11637.pdf,AwesomeFL_PDF/fl in top network conference and journal/2024_Poisoning Federated Recommender Systems with Fake Users.pdf
fl in top network conference and journal,2024,When Federated Recommendation Meets Cold-Start Problem: Separating Item Attributes and User Interactions,WWW,https://arxiv.org/pdf/2305.12650.pdf,AwesomeFL_PDF/fl in top network conference and journal/2024_When Federated Recommendation Meets Cold-Start Problem: Separating Item Attributes and Use.pdf
fl in top network conference and journal,2024,Only Send What You Need: Learning to Communicate Efficiently in Federated Multilingual Machine Translation,WWW (Companion Volume),https://arxiv.org/pdf/2401.07456.pdf,AwesomeFL_PDF/fl in top network conference and journal/2024_Only Send What You Need: Learning to Communicate Efficiently in Federated Multilingual Mac.pdf
fl in top network conference and journal,2024,Robust Federated Learning Mitigates Client-side Training Data Distribution Inference Attacks,WWW (Companion Volume),https://arxiv.org/pdf/2403.03149.pdf,AwesomeFL_PDF/fl in top network conference and journal/2024_Robust Federated Learning Mitigates Client-side Training Data Distribution Inference Attac.pdf
fl in top network conference and journal,2023,AutoFed: Heterogeneity-Aware Federated Multimodal Learning for Robust Autonomous Driving,MobiCom,https://arxiv.org/pdf/2302.08646.pdf,AwesomeFL_PDF/fl in top network conference and journal/2023_AutoFed: Heterogeneity-Aware Federated Multimodal Learning for Robust Autonomous Driving.pdf
fl in top network conference and journal,2023,Efficient Federated Learning for Modern NLP,MobiCom,https://arxiv.org/pdf/2205.10162.pdf,AwesomeFL_PDF/fl in top network conference and journal/2023_Efficient Federated Learning for Modern NLP.pdf
fl in top network conference and journal,2023,To Store or Not? Online Data Selection for Federated Learning with Limited Storage.,WWW,https://arxiv.org/pdf/2209.00195.pdf,AwesomeFL_PDF/fl in top network conference and journal/2023_To Store or Not Online Data Selection for Federated Learning with Limited Storage..pdf
fl in top network conference and journal,2023,Quantifying and Defending against Privacy Threats on Federated Knowledge Graph Embedding.,WWW,https://arxiv.org/pdf/2304.02932.pdf,AwesomeFL_PDF/fl in top network conference and journal/2023_Quantifying and Defending against Privacy Threats on Federated Knowledge Graph Embedding..pdf
fl in top network conference and journal,2023,Vertical Federated Knowledge Transfer via Representation Distillation for Healthcare Collaboration Networks,WWW,https://arxiv.org/pdf/2302.05675.pdf,AwesomeFL_PDF/fl in top network conference and journal/2023_Vertical Federated Knowledge Transfer via Representation Distillation for Healthcare Colla.pdf
fl in top network conference and journal,2023,Semi-decentralized Federated Ego Graph Learning for Recommendation,WWW,https://arxiv.org/pdf/2302.10900.pdf,AwesomeFL_PDF/fl in top network conference and journal/2023_Semi-decentralized Federated Ego Graph Learning for Recommendation.pdf
fl in top network conference and journal,2023,FedACK: Federated Adversarial Contrastive Knowledge Distillation for Cross-Lingual and Cross-Model Social Bot Detection.,WWW,https://arxiv.org/pdf/2303.07113.pdf,AwesomeFL_PDF/fl in top network conference and journal/2023_FedACK: Federated Adversarial Contrastive Knowledge Distillation for Cross-Lingual and Cro.pdf
fl in top network conference and journal,2023,Interaction-level Membership Inference Attack Against Federated Recommender Systems.,WWW,https://arxiv.org/pdf/2301.10964.pdf,AwesomeFL_PDF/fl in top network conference and journal/2023_Interaction-level Membership Inference Attack Against Federated Recommender Systems..pdf
fl in top network conference and journal,2023,Heterogeneous Federated Knowledge Graph Embedding Learning and Unlearning.,WWW,https://arxiv.org/pdf/2302.02069.pdf,AwesomeFL_PDF/fl in top network conference and journal/2023_Heterogeneous Federated Knowledge Graph Embedding Learning and Unlearning..pdf
fl in top network conference and journal,2023,Federated Learning for Metaverse: A Survey.,WWW (Companion Volume),https://arxiv.org/pdf/2303.17987.pdf,AwesomeFL_PDF/fl in top network conference and journal/2023_Federated Learning for Metaverse: A Survey..pdf
fl in top network conference and journal,2023,Privacy-Preserving Online Content Moderation: A Federated Learning Use Case.,WWW (Companion Volume),https://arxiv.org/pdf/2209.11843.pdf,AwesomeFL_PDF/fl in top network conference and journal/2023_Privacy-Preserving Online Content Moderation: A Federated Learning Use Case..pdf
fl in top network conference and journal,2023,A Federated Learning Benchmark for Drug-Target Interaction.,WWW (Companion Volume),https://arxiv.org/pdf/2302.07684.pdf,AwesomeFL_PDF/fl in top network conference and journal/2023_A Federated Learning Benchmark for Drug-Target Interaction..pdf
fl in top network conference and journal,2023,"A Survey of Trustworthy Federated Learning with Perspectives on Security, Robustness and Privacy",WWW (Companion Volume),https://arxiv.org/pdf/2302.10637.pdf,"AwesomeFL_PDF/fl in top network conference and journal/2023_A Survey of Trustworthy Federated Learning with Perspectives on Security, Robustness and P.pdf"
fl in top network conference and journal,2023,Adaptive Configuration for Heterogeneous Participants in Decentralized Federated Learning,INFOCOM,https://arxiv.org/pdf/2212.02136.pdf,AwesomeFL_PDF/fl in top network conference and journal/2023_Adaptive Configuration for Heterogeneous Participants in Decentralized Federated Learning.pdf
fl in top network conference and journal,2023,AnycostFL: Efficient On-Demand Federated Learning over Heterogeneous Edge Devices,INFOCOM,https://arxiv.org/pdf/2301.03062.pdf,AwesomeFL_PDF/fl in top network conference and journal/2023_AnycostFL: Efficient On-Demand Federated Learning over Heterogeneous Edge Devices.pdf
fl in top network conference and journal,2023,Asynchronous Federated Unlearning,INFOCOM,https://iqua.ece.toronto.edu/papers/ningxinsu-infocom23.pdf,AwesomeFL_PDF/fl in top network conference and journal/2023_Asynchronous Federated Unlearning.pdf
fl in top network conference and journal,2023,Communication-Efficient Federated Learning for Heterogeneous Edge Devices Based on Adaptive Gradient Quantization,INFOCOM,https://arxiv.org/pdf/2212.08272.pdf,AwesomeFL_PDF/fl in top network conference and journal/2023_Communication-Efficient Federated Learning for Heterogeneous Edge Devices Based on Adaptiv.pdf
fl in top network conference and journal,2023,Federated Learning under Heterogeneous and Correlated Client Availability,INFOCOM,https://arxiv.org/pdf/2301.04632.pdf,AwesomeFL_PDF/fl in top network conference and journal/2023_Federated Learning under Heterogeneous and Correlated Client Availability.pdf
fl in top network conference and journal,2023,Federated Learning with Flexible Control,INFOCOM,https://arxiv.org/pdf/2212.08496.pdf,AwesomeFL_PDF/fl in top network conference and journal/2023_Federated Learning with Flexible Control.pdf
fl in top network conference and journal,2023,Federated PCA on Grassmann Manifold for Anomaly Detection in IoT Networks,INFOCOM,https://arxiv.org/pdf/2212.12121.pdf,AwesomeFL_PDF/fl in top network conference and journal/2023_Federated PCA on Grassmann Manifold for Anomaly Detection in IoT Networks.pdf
fl in top network conference and journal,2023,FedMoS: Taming Client Drift in Federated Learning with Double Momentum and Adaptive Selection,INFOCOM,https://wangxionghome.github.io/MainFL-TR.pdf,AwesomeFL_PDF/fl in top network conference and journal/2023_FedMoS: Taming Client Drift in Federated Learning with Double Momentum and Adaptive Select.pdf
fl in top network conference and journal,2023,FedSDG-FS: Efficient and Secure Feature Selection for Vertical Federated Learning,INFOCOM,https://arxiv.org/pdf/2302.10417.pdf,AwesomeFL_PDF/fl in top network conference and journal/2023_FedSDG-FS: Efficient and Secure Feature Selection for Vertical Federated Learning.pdf
fl in top network conference and journal,2023,More than Enough is Too Much: Adaptive Defenses against Gradient Leakage in Production Federated Learning,INFOCOM,https://iqua.ece.toronto.edu/papers/feiwang-infocom23.pdf,AwesomeFL_PDF/fl in top network conference and journal/2023_More than Enough is Too Much: Adaptive Defenses against Gradient Leakage in Production Fed.pdf
fl in top network conference and journal,2023,Network Adaptive Federated Learning: Congestion and Lossy Compression,INFOCOM,https://arxiv.org/pdf/2301.04430.pdf,AwesomeFL_PDF/fl in top network conference and journal/2023_Network Adaptive Federated Learning: Congestion and Lossy Compression.pdf
fl in top network conference and journal,2023,SplitGP: Achieving Both Generalization and Personalization in Federated Learning,INFOCOM,https://arxiv.org/pdf/2212.08343.pdf,AwesomeFL_PDF/fl in top network conference and journal/2023_SplitGP: Achieving Both Generalization and Personalization in Federated Learning.pdf
fl in top network conference and journal,2023,Tackling System Induced Bias in Federated Learning: Stratification and Convergence Analysis,INFOCOM,https://arxiv.org/pdf/2112.11256.pdf,AwesomeFL_PDF/fl in top network conference and journal/2023_Tackling System Induced Bias in Federated Learning: Stratification and Convergence Analysi.pdf
fl in top network conference and journal,2023,Toward Sustainable AI: Federated Learning Demand Response in Cloud-Edge Systems via Auctions,INFOCOM,http://ix.cs.uoregon.edu/~jiao/publications/infocom23-fl.pdf,AwesomeFL_PDF/fl in top network conference and journal/2023_Toward Sustainable AI: Federated Learning Demand Response in Cloud-Edge Systems via Auctio.pdf
fl in top network conference and journal,2023,Truthful Incentive Mechanism for Federated Learning with Crowdsourced Data Labeling,INFOCOM,https://arxiv.org/pdf/2302.00106.pdf,AwesomeFL_PDF/fl in top network conference and journal/2023_Truthful Incentive Mechanism for Federated Learning with Crowdsourced Data Labeling.pdf
fl in top network conference and journal,2022,Optimal Rate Adaption in Federated Learning with Compressed Communications,INFOCOM,https://arxiv.org/pdf/2112.06694.pdf,AwesomeFL_PDF/fl in top network conference and journal/2022_Optimal Rate Adaption in Federated Learning with Compressed Communications.pdf
fl in top network conference and journal,2022,The Right to be Forgotten in Federated Learning: An Efficient Realization with Rapid Retraining.,INFOCOM,https://arxiv.org/pdf/2203.07320.pdf,AwesomeFL_PDF/fl in top network conference and journal/2022_The Right to be Forgotten in Federated Learning: An Efficient Realization with Rapid Retra.pdf
fl in top network conference and journal,2022,Tackling System and Statistical Heterogeneity for Federated Learning with Adaptive Client Sampling.,INFOCOM,https://arxiv.org/pdf/2112.11256.pdf,AwesomeFL_PDF/fl in top network conference and journal/2022_Tackling System and Statistical Heterogeneity for Federated Learning with Adaptive Client .pdf
fl in top network conference and journal,2022,Communication-Efficient Device Scheduling for Federated Learning Using Stochastic Optimization,INFOCOM,https://arxiv.org/pdf/2201.07912.pdf,AwesomeFL_PDF/fl in top network conference and journal/2022_Communication-Efficient Device Scheduling for Federated Learning Using Stochastic Optimiza.pdf
fl in top network conference and journal,2022,An Accuracy-Lossless Perturbation Method for Defending Privacy Attacks in Federated Learning,WWW,https://arxiv.org/pdf/2002.09843.pdf,AwesomeFL_PDF/fl in top network conference and journal/2022_An Accuracy-Lossless Perturbation Method for Defending Privacy Attacks in Federated Learni.pdf
fl in top network conference and journal,2022,Federated Unlearning via Class-Discriminative Pruning,WWW,https://arxiv.org/pdf/2110.11794.pdf,AwesomeFL_PDF/fl in top network conference and journal/2022_Federated Unlearning via Class-Discriminative Pruning.pdf
fl in top network conference and journal,2021,Federated Bandit: A Gossiping Approach,SIGMETRICS,https://arxiv.org/pdf/2010.12763.pdf,AwesomeFL_PDF/fl in top network conference and journal/2021_Federated Bandit: A Gossiping Approach.pdf
fl in top network conference and journal,2021,"Device Sampling for Heterogeneous Federated Learning: Theory, Algorithms, and Implementation.",INFOCOM,https://arxiv.org/pdf/2101.00787.pdf,"AwesomeFL_PDF/fl in top network conference and journal/2021_Device Sampling for Heterogeneous Federated Learning: Theory, Algorithms, and Implementati.pdf"
fl in top network conference and journal,2021,To Talk or to Work: Flexible Communication Compression for Energy Efficient Federated Learning over Heterogeneous Mobile Edge Devices,INFOCOM,https://arxiv.org/pdf/2012.11804.pdf,AwesomeFL_PDF/fl in top network conference and journal/2021_To Talk or to Work: Flexible Communication Compression for Energy Efficient Federated Lear.pdf
fl in top network conference and journal,2021,Cost-Effective Federated Learning Design,INFOCOM,https://arxiv.org/pdf/2012.08336.pdf,AwesomeFL_PDF/fl in top network conference and journal/2021_Cost-Effective Federated Learning Design.pdf
fl in top network conference and journal,2021,FedServing: A Federated Prediction Serving Framework Based on Incentive Mechanism.,INFOCOM,https://arxiv.org/pdf/2012.10566.pdf,AwesomeFL_PDF/fl in top network conference and journal/2021_FedServing: A Federated Prediction Serving Framework Based on Incentive Mechanism..pdf
fl in top network conference and journal,2021,Federated Learning over Wireless Networks: A Band-limited Coordinated Descent Approach,INFOCOM,https://arxiv.org/pdf/2102.07972.pdf,AwesomeFL_PDF/fl in top network conference and journal/2021_Federated Learning over Wireless Networks: A Band-limited Coordinated Descent Approach.pdf
fl in top network conference and journal,2021,Dual Attention-Based Federated Learning for Wireless Traffic Prediction,INFOCOM,https://arxiv.org/pdf/2110.05183.pdf,AwesomeFL_PDF/fl in top network conference and journal/2021_Dual Attention-Based Federated Learning for Wireless Traffic Prediction.pdf
fl in top network conference and journal,2021,Meta-HAR: Federated Representation Learning for Human Activity Recognition.,WWW,https://arxiv.org/pdf/2106.00615.pdf,AwesomeFL_PDF/fl in top network conference and journal/2021_Meta-HAR: Federated Representation Learning for Human Activity Recognition..pdf
fl in top network conference and journal,2021,PFA: Privacy-preserving Federated Adaptation for Effective Model Personalization,WWW,https://arxiv.org/pdf/2103.01548.pdf,AwesomeFL_PDF/fl in top network conference and journal/2021_PFA: Privacy-preserving Federated Adaptation for Effective Model Personalization.pdf
fl in top network conference and journal,2021,Characterizing Impacts of Heterogeneity in Federated Learning upon Large-Scale Smartphone Data,WWW,https://arxiv.org/pdf/2006.06983.pdf,AwesomeFL_PDF/fl in top network conference and journal/2021_Characterizing Impacts of Heterogeneity in Federated Learning upon Large-Scale Smartphone .pdf
fl in top network conference and journal,2019,Beyond Inferring Class Representatives: User-Level Privacy Leakage From Federated Learning,INFOCOM,https://arxiv.org/pdf/1812.00535.pdf,AwesomeFL_PDF/fl in top network conference and journal/2019_Beyond Inferring Class Representatives: User-Level Privacy Leakage From Federated Learning.pdf
fl in top system conference and journal,2024,FedTrans: Efficient Federated Learning via Multi-Model Transformation,MLSys,https://arxiv.org/pdf/2404.13515.pdf,AwesomeFL_PDF/fl in top system conference and journal/2024_FedTrans: Efficient Federated Learning via Multi-Model Transformation.pdf
fl in top system conference and journal,2024,"LIFL: A Lightweight, Event-driven Serverless Platform for Federated Learning",MLSys,https://arxiv.org/pdf/2405.10968.pdf,"AwesomeFL_PDF/fl in top system conference and journal/2024_LIFL: A Lightweight, Event-driven Serverless Platform for Federated Learning.pdf"
fl in top system conference and journal,2024,HeteroSwitch: Characterizing and Taming System-Induced Data Heterogeneity in Federated Learning,MLSys,https://arxiv.org/pdf/2403.04207.pdf,AwesomeFL_PDF/fl in top system conference and journal/2024_HeteroSwitch: Characterizing and Taming System-Induced Data Heterogeneity in Federated Lea.pdf
fl in top system conference and journal,2024,Dordis: Efficient Federated Learning with Dropout-Resilient Differential Privacy,EuroSys,https://arxiv.org/pdf/2209.12528.pdf,AwesomeFL_PDF/fl in top system conference and journal/2024_Dordis: Efficient Federated Learning with Dropout-Resilient Differential Privacy.pdf
fl in top system conference and journal,2024,Fed-RAC: Resource-Aware Clustering for Tackling Heterogeneity of Participants in Federated Learning,TPDS,https://arxiv.org/pdf/2306.04207.pdf,AwesomeFL_PDF/fl in top system conference and journal/2024_Fed-RAC: Resource-Aware Clustering for Tackling Heterogeneity of Participants in Federated.pdf
fl in top system conference and journal,2024,FedICT: Federated Multi-Task Distillation for Multi-Access Edge Computing,TPDS,http://export.arxiv.org/pdf/2301.00389.pdf,AwesomeFL_PDF/fl in top system conference and journal/2024_FedICT: Federated Multi-Task Distillation for Multi-Access Edge Computing.pdf
fl in top system conference and journal,2024,EcoFed: Efficient Communication for DNN Partitioning-Based Federated Learning,TPDS,https://arxiv.org/pdf/2304.05495.pdf,AwesomeFL_PDF/fl in top system conference and journal/2024_EcoFed: Efficient Communication for DNN Partitioning-Based Federated Learning.pdf
fl in top system conference and journal,2024,FedHAP: Federated Hashing With Global Prototypes for Cross-Silo Retrieval,TPDS,https://arxiv.org/pdf/2207.05525.pdf,AwesomeFL_PDF/fl in top system conference and journal/2024_FedHAP: Federated Hashing With Global Prototypes for Cross-Silo Retrieval.pdf
fl in top system conference and journal,2024,Lithography Hotspot Detection Based on Heterogeneous Federated Learning With Local Adaptation and Feature Selection,TCAD,https://arxiv.org/pdf/2107.04367.pdf,AwesomeFL_PDF/fl in top system conference and journal/2024_Lithography Hotspot Detection Based on Heterogeneous Federated Learning With Local Adaptat.pdf
fl in top system conference and journal,2024,"FedRFQ: Prototype-Based Federated Learning With Reduced Redundancy, Minimal Failure, and Enhanced Quality",TC,https://arxiv.org/pdf/2401.07558.pdf,"AwesomeFL_PDF/fl in top system conference and journal/2024_FedRFQ: Prototype-Based Federated Learning With Reduced Redundancy, Minimal Failure, and E.pdf"
fl in top system conference and journal,2024,FedGKD: Toward Heterogeneous Federated Learning via Global Knowledge Distillation,TC,https://arxiv.org/pdf/2107.00051.pdf,AwesomeFL_PDF/fl in top system conference and journal/2024_FedGKD: Toward Heterogeneous Federated Learning via Global Knowledge Distillation.pdf
fl in top system conference and journal,2023,REFL: Resource-Efficient Federated Learning,EuroSys,https://arxiv.org/pdf/2111.01108.pdf,AwesomeFL_PDF/fl in top system conference and journal/2023_REFL: Resource-Efficient Federated Learning.pdf
fl in top system conference and journal,2023,FLINT: A Platform for Federated Learning Integration,MLSys,https://arxiv.org/pdf/2302.12862.pdf,AwesomeFL_PDF/fl in top system conference and journal/2023_FLINT: A Platform for Federated Learning Integration.pdf
fl in top system conference and journal,2023,On Noisy Evaluation in Federated Hyperparameter Tuning,MLSys,https://arxiv.org/pdf/2212.08930.pdf,AwesomeFL_PDF/fl in top system conference and journal/2023_On Noisy Evaluation in Federated Hyperparameter Tuning.pdf
fl in top system conference and journal,2023,GlueFL: Reconciling Client Sampling and Model Masking for Bandwidth Efficient Federated Learning,MLSys,https://arxiv.org/pdf/2212.01523.pdf,AwesomeFL_PDF/fl in top system conference and journal/2023_GlueFL: Reconciling Client Sampling and Model Masking for Bandwidth Efficient Federated Le.pdf
fl in top system conference and journal,2023,Self-Supervised On-Device Federated Learning From Unlabeled Streams.,TCAD,https://arxiv.org/pdf/2212.01006.pdf,AwesomeFL_PDF/fl in top system conference and journal/2023_Self-Supervised On-Device Federated Learning From Unlabeled Streams..pdf
fl in top system conference and journal,2023,Byzantine-Resilient Federated Learning at Edge,TC,https://arxiv.org/pdf/2303.10434.pdf,AwesomeFL_PDF/fl in top system conference and journal/2023_Byzantine-Resilient Federated Learning at Edge.pdf
fl in top system conference and journal,2023,Accelerating Federated Learning With a Global Biased Optimiser,TC,https://arxiv.org/pdf/2108.09134.pdf,AwesomeFL_PDF/fl in top system conference and journal/2023_Accelerating Federated Learning With a Global Biased Optimiser.pdf
fl in top system conference and journal,2023,Hierarchical Federated Learning With Momentum Acceleration in Multi-Tier Networks,TPDS,https://arxiv.org/pdf/2210.14560.pdf,AwesomeFL_PDF/fl in top system conference and journal/2023_Hierarchical Federated Learning With Momentum Acceleration in Multi-Tier Networks.pdf
fl in top system conference and journal,2023,Dap-FL: Federated Learning Flourishes by Adaptive Tuning and Secure Aggregation,TPDS,https://arxiv.org/pdf/2206.03623.pdf,AwesomeFL_PDF/fl in top system conference and journal/2023_Dap-FL: Federated Learning Flourishes by Adaptive Tuning and Secure Aggregation.pdf
fl in top system conference and journal,2023,Faster Federated Learning With Decaying Number of Local SGD Steps,TPDS,https://arxiv.org/pdf/2305.09628.pdf,AwesomeFL_PDF/fl in top system conference and journal/2023_Faster Federated Learning With Decaying Number of Local SGD Steps.pdf
fl in top system conference and journal,2023,FedProf: Selective Federated Learning Based on Distributional Representation Profiling,TPDS,https://arxiv.org/pdf/2102.01733.pdf,AwesomeFL_PDF/fl in top system conference and journal/2023_FedProf: Selective Federated Learning Based on Distributional Representation Profiling.pdf
fl in top system conference and journal,2023,Federated Ensemble Model-Based Reinforcement Learning in Edge Computing,TPDS,https://arxiv.org/pdf/2109.05549.pdf,AwesomeFL_PDF/fl in top system conference and journal/2023_Federated Ensemble Model-Based Reinforcement Learning in Edge Computing.pdf
fl in top system conference and journal,2023,Incentive Mechanism Design for Joint Resource Allocation in Blockchain-Based Federated Learning.,TPDS,https://arxiv.org/pdf/2202.10938.pdf,AwesomeFL_PDF/fl in top system conference and journal/2023_Incentive Mechanism Design for Joint Resource Allocation in Blockchain-Based Federated Lea.pdf
fl in top system conference and journal,2023,HiFlash: Communication-Efficient Hierarchical Federated Learning With Adaptive Staleness Control and Heterogeneity-Aware Client-Edge Association.,TPDS,https://arxiv.org/pdf/2301.06447.pdf,AwesomeFL_PDF/fl in top system conference and journal/2023_HiFlash: Communication-Efficient Hierarchical Federated Learning With Adaptive Staleness C.pdf
fl in top system conference and journal,2023,From Deterioration to Acceleration: A Calibration Approach to Rehabilitating Step Asynchronism in Federated Optimization.,TPDS,https://arxiv.org/pdf/2112.09355.pdf,AwesomeFL_PDF/fl in top system conference and journal/2023_From Deterioration to Acceleration: A Calibration Approach to Rehabilitating Step Asynchro.pdf
fl in top system conference and journal,2023,Federated Learning Over Coupled Graphs,TPDS,https://arxiv.org/pdf/2301.11099.pdf,AwesomeFL_PDF/fl in top system conference and journal/2023_Federated Learning Over Coupled Graphs.pdf
fl in top system conference and journal,2023,Scheduling Algorithms for Federated Learning With Minimal Energy Consumption,TPDS,https://arxiv.org/pdf/2209.06210.pdf,AwesomeFL_PDF/fl in top system conference and journal/2023_Scheduling Algorithms for Federated Learning With Minimal Energy Consumption.pdf
fl in top system conference and journal,2023,Auction-Based Cluster Federated Learning in Mobile Edge Computing Systems,TPDS,https://arxiv.org/pdf/2103.07150.pdf,AwesomeFL_PDF/fl in top system conference and journal/2023_Auction-Based Cluster Federated Learning in Mobile Edge Computing Systems.pdf
fl in top system conference and journal,2023,Multi-Job Intelligent Scheduling With Cross-Device Federated Learning.,TPDS,https://arxiv.org/pdf/2211.13430.pdf,AwesomeFL_PDF/fl in top system conference and journal/2023_Multi-Job Intelligent Scheduling With Cross-Device Federated Learning..pdf
fl in top system conference and journal,2022,A Decentralized Federated Learning Framework via Committee Mechanism With Convergence Guarantee,TPDS,https://arxiv.org/pdf/2108.00365.pdf,AwesomeFL_PDF/fl in top system conference and journal/2022_A Decentralized Federated Learning Framework via Committee Mechanism With Convergence Guar.pdf
fl in top system conference and journal,2022,$f$funcX: Federated Function as a Service for Science.,TPDS,https://arxiv.org/pdf/2209.11631.pdf,AwesomeFL_PDF/fl in top system conference and journal/2022_$f$funcX: Federated Function as a Service for Science..pdf
fl in top system conference and journal,2022,Blockchain Assisted Decentralized Federated Learning (BLADE-FL): Performance Analysis and Resource Allocation,TPDS,https://arxiv.org/pdf/2101.06905.pdf,AwesomeFL_PDF/fl in top system conference and journal/2022_Blockchain Assisted Decentralized Federated Learning (BLADE-FL): Performance Analysis and .pdf
fl in top system conference and journal,2022,Federated Learning With Nesterov Accelerated Gradient,TPDS,https://arxiv.org/pdf/2009.08716.pdf,AwesomeFL_PDF/fl in top system conference and journal/2022_Federated Learning With Nesterov Accelerated Gradient.pdf
fl in top system conference and journal,2022,DONE: Distributed Approximate Newton-type Method for Federated Edge Learning.,TPDS,https://arxiv.org/pdf/2012.05625.pdf,AwesomeFL_PDF/fl in top system conference and journal/2022_DONE: Distributed Approximate Newton-type Method for Federated Edge Learning..pdf
fl in top system conference and journal,2022,Flexible Clustered Federated Learning for Client-Level Data Distribution Shift.,TPDS,https://arxiv.org/pdf/2108.09749.pdf,AwesomeFL_PDF/fl in top system conference and journal/2022_Flexible Clustered Federated Learning for Client-Level Data Distribution Shift..pdf
fl in top system conference and journal,2022,On the Benefits of Multiple Gossip Steps in Communication-Constrained Decentralized Federated Learning.,TPDS,https://arxiv.org/pdf/2011.10643.pdf,AwesomeFL_PDF/fl in top system conference and journal/2022_On the Benefits of Multiple Gossip Steps in Communication-Constrained Decentralized Federa.pdf
fl in top system conference and journal,2022,Multi-Task Federated Learning for Personalised Deep Neural Networks in Edge Computing.,TPDS,https://arxiv.org/pdf/2007.09236.pdf,AwesomeFL_PDF/fl in top system conference and journal/2022_Multi-Task Federated Learning for Personalised Deep Neural Networks in Edge Computing..pdf
fl in top system conference and journal,2022,Towards Efficient and Stable K-Asynchronous Federated Learning With Unbounded Stale Gradients on Non-IID Data.,TPDS,https://arxiv.org/pdf/2203.01214.pdf,AwesomeFL_PDF/fl in top system conference and journal/2022_Towards Efficient and Stable K-Asynchronous Federated Learning With Unbounded Stale Gradie.pdf
fl in top system conference and journal,2022,Communication-Efficient Federated Learning With Compensated Overlap-FedAvg.,TPDS,https://arxiv.org/pdf/2012.06706.pdf,AwesomeFL_PDF/fl in top system conference and journal/2022_Communication-Efficient Federated Learning With Compensated Overlap-FedAvg..pdf
fl in top system conference and journal,2022,"PAPAYA: Practical, Private, and Scalable Federated Learning.",MLSys,https://arxiv.org/pdf/2111.04877.pdf,"AwesomeFL_PDF/fl in top system conference and journal/2022_PAPAYA: Practical, Private, and Scalable Federated Learning..pdf"
fl in top system conference and journal,2022,LightSecAgg: a Lightweight and Versatile Design for Secure Aggregation in Federated Learning,MLSys,https://arxiv.org/pdf/2109.14236.pdf,AwesomeFL_PDF/fl in top system conference and journal/2022_LightSecAgg: a Lightweight and Versatile Design for Secure Aggregation in Federated Learni.pdf
fl in top system conference and journal,2021,SAFA: A Semi-Asynchronous Protocol for Fast Federated Learning With Low Overhead,TC,https://arxiv.org/pdf/1910.01355.pdf,AwesomeFL_PDF/fl in top system conference and journal/2021_SAFA: A Semi-Asynchronous Protocol for Fast Federated Learning With Low Overhead.pdf
fl in top system conference and journal,2021,HADFL: Heterogeneity-aware Decentralized Federated Learning Framework,DAC,https://arxiv.org/pdf/2111.08274.pdf,AwesomeFL_PDF/fl in top system conference and journal/2021_HADFL: Heterogeneity-aware Decentralized Federated Learning Framework.pdf
fl in top system conference and journal,2021,Helios: Heterogeneity-Aware Federated Learning with Dynamically Balanced Collaboration.,DAC,https://arxiv.org/pdf/1912.01684.pdf,AwesomeFL_PDF/fl in top system conference and journal/2021_Helios: Heterogeneity-Aware Federated Learning with Dynamically Balanced Collaboration..pdf
fl in top system conference and journal,2021,Oort: Efficient Federated Learning via Guided Participant Selection,OSDI,https://arxiv.org/pdf/2010.06081.pdf,AwesomeFL_PDF/fl in top system conference and journal/2021_Oort: Efficient Federated Learning via Guided Participant Selection.pdf
fl in top system conference and journal,2021,Towards Efficient Scheduling of Federated Mobile Devices Under Computational and Statistical Heterogeneity.,TPDS,https://arxiv.org/pdf/2005.12326.pdf,AwesomeFL_PDF/fl in top system conference and journal/2021_Towards Efficient Scheduling of Federated Mobile Devices Under Computational and Statistic.pdf
fl in top system conference and journal,2021,An Efficiency-Boosting Client Selection Scheme for Federated Learning With Fairness Guarantee,TPDS,https://arxiv.org/pdf/2011.01783.pdf,AwesomeFL_PDF/fl in top system conference and journal/2021_An Efficiency-Boosting Client Selection Scheme for Federated Learning With Fairness Guaran.pdf
fl in top system conference and journal,2021,Proof of Federated Learning: A Novel Energy-Recycling Consensus Algorithm.,TPDS,https://arxiv.org/pdf/1912.11745.pdf,AwesomeFL_PDF/fl in top system conference and journal/2021_Proof of Federated Learning: A Novel Energy-Recycling Consensus Algorithm..pdf
fl in top system conference and journal,2021,Accelerating Federated Learning Over Reliability-Agnostic Clients in Mobile Edge Computing Systems.,TPDS,https://arxiv.org/pdf/2007.14374.pdf,AwesomeFL_PDF/fl in top system conference and journal/2021_Accelerating Federated Learning Over Reliability-Agnostic Clients in Mobile Edge Computing.pdf
fl in top system conference and journal,2021,FedScale: Benchmarking Model and System Performance of Federated Learning :fire:,SOSP workshop / ICML 2022,https://arxiv.org/pdf/2105.11367.pdf,AwesomeFL_PDF/fl in top system conference and journal/2021_FedScale: Benchmarking Model and System Performance of Federated Learning :fire:.pdf
fl in top system conference and journal,2021,Separation of Powers in Federated Learning (Poster Paper),SOSP workshop,https://arxiv.org/pdf/2105.09400.pdf,AwesomeFL_PDF/fl in top system conference and journal/2021_Separation of Powers in Federated Learning (Poster Paper).pdf
fl in top system conference and journal,2020,Accelerating Federated Learning via Momentum Gradient Descent.,TPDS,https://arxiv.org/pdf/1910.03197.pdf,AwesomeFL_PDF/fl in top system conference and journal/2020_Accelerating Federated Learning via Momentum Gradient Descent..pdf
fl in top system conference and journal,2020,Towards Fair and Privacy-Preserving Federated Deep Models.,TPDS,https://arxiv.org/pdf/1906.01167.pdf,AwesomeFL_PDF/fl in top system conference and journal/2020_Towards Fair and Privacy-Preserving Federated Deep Models..pdf
fl in top system conference and journal,2020,Federated Optimization in Heterogeneous Networks :fire:,MLSys,https://arxiv.org/pdf/1812.06127.pdf,AwesomeFL_PDF/fl in top system conference and journal/2020_Federated Optimization in Heterogeneous Networks :fire:.pdf
fl in top system conference and journal,2019,Towards Federated Learning at Scale: System Design,MLSys,https://arxiv.org/pdf/1902.01046.pdf,AwesomeFL_PDF/fl in top system conference and journal/2019_Towards Federated Learning at Scale: System Design.pdf
fl in top conference and journal other fields,2023,FedDebug: Systematic Debugging for Federated Learning Applications.,ICSE,https://arxiv.org/pdf/2301.03553.pdf,AwesomeFL_PDF/fl in top conference and journal other fields/2023_FedDebug: Systematic Debugging for Federated Learning Applications..pdf
fl on graph data and graph neural networks,2023,FedGCN: Convergence and Communication Tradeoffs in Federated Training of Graph Convolutional Networks,NeurIPS :mortar_board:,https://arxiv.org/pdf/2201.12433.pdf,AwesomeFL_PDF/fl on graph data and graph neural networks/2023_FedGCN: Convergence and Communication Tradeoffs in Federated Training of Graph Convolution.pdf
fl on graph data and graph neural networks,2023,Federated Visualization: A Privacy-Preserving Strategy for Aggregated Visual Query.,IEEE Trans. Vis. Comput. Graph. :mortar_board:,https://arxiv.org/pdf/2007.15227.pdf,AwesomeFL_PDF/fl on graph data and graph neural networks/2023_Federated Visualization: A Privacy-Preserving Strategy for Aggregated Visual Query..pdf
fl on graph data and graph neural networks,2023,Personalized Subgraph Federated Learning,ICML :mortar_board:,https://arxiv.org/pdf/2206.10206.pdf,AwesomeFL_PDF/fl on graph data and graph neural networks/2023_Personalized Subgraph Federated Learning.pdf
fl on graph data and graph neural networks,2023,Semi-decentralized Federated Ego Graph Learning for Recommendation,WWW:mortar_board:,https://arxiv.org/pdf/2302.10900.pdf,AwesomeFL_PDF/fl on graph data and graph neural networks/2023_Semi-decentralized Federated Ego Graph Learning for Recommendation.pdf
fl on graph data and graph neural networks,2023,Federated Learning Over Coupled Graphs,IEEE Trans. Parallel Distributed Syst. :mortar_board:,https://arxiv.org/pdf/2301.11099.pdf,AwesomeFL_PDF/fl on graph data and graph neural networks/2023_Federated Learning Over Coupled Graphs.pdf
fl on graph data and graph neural networks,2023,HetVis: A Visual Analysis Approach for Identifying Data Heterogeneity in Horizontal Federated Learning,IEEE Trans. Vis. Comput. Graph. :mortar_board:,https://arxiv.org/pdf/2208.07491.pdf,AwesomeFL_PDF/fl on graph data and graph neural networks/2023_HetVis: A Visual Analysis Approach for Identifying Data Heterogeneity in Horizontal Federa.pdf
fl on graph data and graph neural networks,2023,Federated Learning on Non-IID Graphs via Structural Knowledge Sharing,AAAI :mortar_board:,https://arxiv.org/pdf/2211.13009.pdf,AwesomeFL_PDF/fl on graph data and graph neural networks/2023_Federated Learning on Non-IID Graphs via Structural Knowledge Sharing.pdf
fl on graph data and graph neural networks,2023,FedGS: Federated Graph-based Sampling with Arbitrary Client Availability,AAAI :mortar_board:,https://arxiv.org/pdf/2211.13975.pdf,AwesomeFL_PDF/fl on graph data and graph neural networks/2023_FedGS: Federated Graph-based Sampling with Arbitrary Client Availability.pdf
fl on graph data and graph neural networks,2023,Towards On-Device Federated Learning: A Direct Acyclic Graph-based Blockchain Approach,IEEE Trans. Neural Networks Learn. Syst.,https://arxiv.org/pdf/2104.13092.pdf,AwesomeFL_PDF/fl on graph data and graph neural networks/2023_Towards On-Device Federated Learning: A Direct Acyclic Graph-based Blockchain Approach.pdf
fl on graph data and graph neural networks,2023,Graph-Fraudster: Adversarial Attacks on Graph Neural Network Based Vertical Federated Learning,IEEE Trans. Comput. Soc. Syst.,https://arxiv.org/pdf/2110.06468.pdf,AwesomeFL_PDF/fl on graph data and graph neural networks/2023_Graph-Fraudster: Adversarial Attacks on Graph Neural Network Based Vertical Federated Lear.pdf
fl on graph data and graph neural networks,2023,FedRule: Federated Rule Recommendation System with Graph Neural Networks,IoTDI,https://arxiv.org/pdf/2211.06812.pdf,AwesomeFL_PDF/fl on graph data and graph neural networks/2023_FedRule: Federated Rule Recommendation System with Graph Neural Networks.pdf
fl on graph data and graph neural networks,2022,FedWalk: Communication Efficient Federated Unsupervised Node Embedding with Differential Privacy,KDD :mortar_board:,https://arxiv.org/pdf/2205.15896.pdf,AwesomeFL_PDF/fl on graph data and graph neural networks/2022_FedWalk: Communication Efficient Federated Unsupervised Node Embedding with Differential P.pdf
fl on graph data and graph neural networks,2022,"FederatedScope-GNN: Towards a Unified, Comprehensive and Efficient Platform for Federated Graph Learning :fire:",KDD (Best Paper Award) :mortar_board:,https://arxiv.org/pdf/2204.05562.pdf,"AwesomeFL_PDF/fl on graph data and graph neural networks/2022_FederatedScope-GNN: Towards a Unified, Comprehensive and Efficient Platform for Federated .pdf"
fl on graph data and graph neural networks,2022,Personalized Federated Learning With a Graph,IJCAI :mortar_board:,https://arxiv.org/pdf/2203.00829.pdf,AwesomeFL_PDF/fl on graph data and graph neural networks/2022_Personalized Federated Learning With a Graph.pdf
fl on graph data and graph neural networks,2022,Vertically Federated Graph Neural Network for Privacy-Preserving Node Classification,IJCAI :mortar_board:,https://arxiv.org/pdf/2005.11903.pdf,AwesomeFL_PDF/fl on graph data and graph neural networks/2022_Vertically Federated Graph Neural Network for Privacy-Preserving Node Classification.pdf
fl on graph data and graph neural networks,2022,SpreadGNN: Decentralized Multi-Task Federated Learning for Graph Neural Networks on Molecular Data,AAAI:mortar_board:,https://arxiv.org/pdf/2106.02743.pdf,AwesomeFL_PDF/fl on graph data and graph neural networks/2022_SpreadGNN: Decentralized Multi-Task Federated Learning for Graph Neural Networks on Molecu.pdf
fl on graph data and graph neural networks,2022,"Federated Graph Machine Learning: A Survey of Concepts, Techniques, and Applications **`surv.`**",SIGKDD Explor.,https://arxiv.org/pdf/2207.11812.pdf,"AwesomeFL_PDF/fl on graph data and graph neural networks/2022_Federated Graph Machine Learning: A Survey of Concepts, Techniques, and Applications `surv.pdf"
fl on graph data and graph neural networks,2022,GraphFL: A Federated Learning Framework for Semi-Supervised Node Classification on Graphs,ICDM,https://arxiv.org/pdf/2012.04187.pdf,AwesomeFL_PDF/fl on graph data and graph neural networks/2022_GraphFL: A Federated Learning Framework for Semi-Supervised Node Classification on Graphs.pdf
fl on graph data and graph neural networks,2022,More is Better (Mostly): On the Backdoor Attacks in Federated Graph Neural Networks,ACSAC,https://arxiv.org/pdf/2202.03195.pdf,AwesomeFL_PDF/fl on graph data and graph neural networks/2022_More is Better (Mostly): On the Backdoor Attacks in Federated Graph Neural Networks.pdf
fl on graph data and graph neural networks,2022,FedNI: Federated Graph Learning with Network Inpainting for Population-Based Disease Prediction,TMI,https://arxiv.org/pdf/2112.10166.pdf,AwesomeFL_PDF/fl on graph data and graph neural networks/2022_FedNI: Federated Graph Learning with Network Inpainting for Population-Based Disease Predi.pdf
fl on graph data and graph neural networks,2022,Efficient Federated Learning on Knowledge Graphs via Privacy-preserving Relation Embedding Aggregation **`kg.`**,EMNLP,https://arxiv.org/pdf/2203.09553.pdf,AwesomeFL_PDF/fl on graph data and graph neural networks/2022_Efficient Federated Learning on Knowledge Graphs via Privacy-preserving Relation Embedding.pdf
fl on graph data and graph neural networks,2022,Power Allocation for Wireless Federated Learning using Graph Neural Networks,ICASSP,https://arxiv.org/pdf/2111.07480.pdf,AwesomeFL_PDF/fl on graph data and graph neural networks/2022_Power Allocation for Wireless Federated Learning using Graph Neural Networks.pdf
fl on graph data and graph neural networks,2022,A Privacy-Preserving Subgraph-Level Federated Graph Neural Network via Differential Privacy,KSEM,https://arxiv.org/pdf/2206.03492.pdf,AwesomeFL_PDF/fl on graph data and graph neural networks/2022_A Privacy-Preserving Subgraph-Level Federated Graph Neural Network via Differential Privac.pdf
fl on graph data and graph neural networks,2022,Investigating the Predictive Reproducibility of Federated Graph Neural Networks using Medical Datasets.,MICCAI Workshop,https://arxiv.org/pdf/2209.06032.pdf,AwesomeFL_PDF/fl on graph data and graph neural networks/2022_Investigating the Predictive Reproducibility of Federated Graph Neural Networks using Medi.pdf
fl on graph data and graph neural networks,2022,BiG-Fed: Bilevel Optimization Enhanced Graph-Aided Federated Learning,IEEE Transactions on Big Data,https://fl-icml.github.io/2021/papers/FL-ICML21_paper_74.pdf,AwesomeFL_PDF/fl on graph data and graph neural networks/2022_BiG-Fed: Bilevel Optimization Enhanced Graph-Aided Federated Learning.pdf
fl on graph data and graph neural networks,2022,Federated learning of molecular properties with graph neural networks in a heterogeneous setting,Patterns,https://arxiv.org/pdf/2109.07258.pdf,AwesomeFL_PDF/fl on graph data and graph neural networks/2022_Federated learning of molecular properties with graph neural networks in a heterogeneous s.pdf
fl on graph data and graph neural networks,2022,Graph Federated Learning for CIoT Devices in Smart Home Applications,IEEE Internet Things J.,https://arxiv.org/pdf/2212.14395.pdf,AwesomeFL_PDF/fl on graph data and graph neural networks/2022_Graph Federated Learning for CIoT Devices in Smart Home Applications.pdf
fl on graph data and graph neural networks,2022,Graph-Assisted Communication-Efficient Ensemble Federated Learning,EUSIPCO,https://arxiv.org/pdf/2202.13447.pdf,AwesomeFL_PDF/fl on graph data and graph neural networks/2022_Graph-Assisted Communication-Efficient Ensemble Federated Learning.pdf
fl on graph data and graph neural networks,2022,Federated Dynamic Graph Neural Networks with Secure Aggregation for Video-based Distributed Surveillance,ACM Trans. Intell. Syst. Technol.,https://arxiv.org/pdf/2009.07351.pdf,AwesomeFL_PDF/fl on graph data and graph neural networks/2022_Federated Dynamic Graph Neural Networks with Secure Aggregation for Video-based Distribute.pdf
fl on graph data and graph neural networks,2021,"Device Sampling for Heterogeneous Federated Learning: Theory, Algorithms, and Implementation.",INFOCOM :mortar_board:,https://arxiv.org/pdf/2101.00787.pdf,"AwesomeFL_PDF/fl on graph data and graph neural networks/2021_Device Sampling for Heterogeneous Federated Learning: Theory, Algorithms, and Implementati.pdf"
fl on graph data and graph neural networks,2021,Federated Graph Classification over Non-IID Graphs,NeurIPS :mortar_board:,https://arxiv.org/pdf/2106.13423.pdf,AwesomeFL_PDF/fl on graph data and graph neural networks/2021_Federated Graph Classification over Non-IID Graphs.pdf
fl on graph data and graph neural networks,2021,Subgraph Federated Learning with Missing Neighbor Generation,NeurIPS :mortar_board:,https://arxiv.org/pdf/2106.13430.pdf,AwesomeFL_PDF/fl on graph data and graph neural networks/2021_Subgraph Federated Learning with Missing Neighbor Generation.pdf
fl on graph data and graph neural networks,2021,Cross-Node Federated Graph Neural Network for Spatio-Temporal Data Modeling,KDD :mortar_board:,https://arxiv.org/pdf/2106.05223.pdf,AwesomeFL_PDF/fl on graph data and graph neural networks/2021_Cross-Node Federated Graph Neural Network for Spatio-Temporal Data Modeling.pdf
fl on graph data and graph neural networks,2021,Differentially Private Federated Knowledge Graphs Embedding **`kg.`**,CIKM,https://arxiv.org/pdf/2105.07615.pdf,AwesomeFL_PDF/fl on graph data and graph neural networks/2021_Differentially Private Federated Knowledge Graphs Embedding `kg.`.pdf
fl on graph data and graph neural networks,2021,Decentralized Federated Graph Neural Networks,IJCAI Workshop,https://federated-learning.org/fl-ijcai-2021/FTL-IJCAI21_paper_20.pdf,AwesomeFL_PDF/fl on graph data and graph neural networks/2021_Decentralized Federated Graph Neural Networks.pdf
fl on graph data and graph neural networks,2021,FedSGC: Federated Simple Graph Convolution for Node Classification,IJCAI Workshop,https://federated-learning.org/fl-ijcai-2021/FTL-IJCAI21_paper_5.pdf,AwesomeFL_PDF/fl on graph data and graph neural networks/2021_FedSGC: Federated Simple Graph Convolution for Node Classification.pdf
fl on graph data and graph neural networks,2021,DAG-FL: Direct Acyclic Graph-based Blockchain Empowers On-Device Federated Learning,ICC,https://arxiv.org/pdf/2104.13092.pdf,AwesomeFL_PDF/fl on graph data and graph neural networks/2021_DAG-FL: Direct Acyclic Graph-based Blockchain Empowers On-Device Federated Learning.pdf
fl on graph data and graph neural networks,2021,FedE: Embedding Knowledge Graphs in Federated Setting **`kg.`**,IJCKG,https://arxiv.org/pdf/2010.12882.pdf,AwesomeFL_PDF/fl on graph data and graph neural networks/2021_FedE: Embedding Knowledge Graphs in Federated Setting `kg.`.pdf
fl on graph data and graph neural networks,2021,A Graph Federated Architecture with Privacy Preserving Learning,SPAWC,https://arxiv.org/pdf/2104.13215.pdf,AwesomeFL_PDF/fl on graph data and graph neural networks/2021_A Graph Federated Architecture with Privacy Preserving Learning.pdf
fl on graph data and graph neural networks,2021,Federated Social Recommendation with Graph Neural Network,ACM TIST,https://arxiv.org/pdf/2111.10778.pdf,AwesomeFL_PDF/fl on graph data and graph neural networks/2021_Federated Social Recommendation with Graph Neural Network.pdf
fl on graph data and graph neural networks,2021,FedGraphNN: A Federated Learning System and Benchmark for Graph Neural Networks :fire: **`surv.`**,ICLR Workshop / MLSys Workshop,https://arxiv.org/pdf/2104.07145.pdf,AwesomeFL_PDF/fl on graph data and graph neural networks/2021_FedGraphNN: A Federated Learning System and Benchmark for Graph Neural Networks :fire: `su.pdf
fl on graph data and graph neural networks,2021,Cluster-driven Graph Federated Learning over Multiple Domains,CVPR Workshop,https://arxiv.org/pdf/2104.14628.pdf,AwesomeFL_PDF/fl on graph data and graph neural networks/2021_Cluster-driven Graph Federated Learning over Multiple Domains.pdf
fl on graph data and graph neural networks,2021,FedGNN: Federated Graph Neural Network for Privacy-Preserving Recommendation,ICML workshop,https://arxiv.org/pdf/2102.04925.pdf,AwesomeFL_PDF/fl on graph data and graph neural networks/2021_FedGNN: Federated Graph Neural Network for Privacy-Preserving Recommendation.pdf
fl on graph data and graph neural networks,2021,Decentralized federated learning of deep neural networks on non-iid data,ICML workshop,https://arxiv.org/pdf/2107.08517.pdf,AwesomeFL_PDF/fl on graph data and graph neural networks/2021_Decentralized federated learning of deep neural networks on non-iid data.pdf
fl on graph data and graph neural networks,2021,Distributed Training of Graph Convolutional Networks,TSIPN,https://arxiv.org/pdf/2007.06281.pdf,AwesomeFL_PDF/fl on graph data and graph neural networks/2021_Distributed Training of Graph Convolutional Networks.pdf
fl on graph data and graph neural networks,2020,Decentralized federated learning for electronic health records,NeurIPS Workshop / CISS,https://arxiv.org/pdf/1912.01792.pdf,AwesomeFL_PDF/fl on graph data and graph neural networks/2020_Decentralized federated learning for electronic health records.pdf
fl on graph data and graph neural networks,2020,ASFGNN: Automated Separated-Federated Graph Neural Network,PPNA,https://arxiv.org/pdf/2011.03248.pdf,AwesomeFL_PDF/fl on graph data and graph neural networks/2020_ASFGNN: Automated Separated-Federated Graph Neural Network.pdf
fl on graph data and graph neural networks,2020,Decentralized federated learning via sgd over wireless d2d networks,SPAWC,https://arxiv.org/pdf/2002.12507.pdf,AwesomeFL_PDF/fl on graph data and graph neural networks/2020_Decentralized federated learning via sgd over wireless d2d networks.pdf
fl on graph data and graph neural networks,2019,Towards Federated Graph Learning for Collaborative Financial Crimes Detection,NeurIPS Workshop,https://arxiv.org/pdf/1909.12946.pdf,AwesomeFL_PDF/fl on graph data and graph neural networks/2019_Towards Federated Graph Learning for Collaborative Financial Crimes Detection.pdf
fl on graph data and graph neural networks,2023,FedHGN: A Federated Framework for Heterogeneous Graph Neural Networks.,preprint,https://arxiv.org/pdf/2305.09729.pdf,AwesomeFL_PDF/fl on graph data and graph neural networks/2023_FedHGN: A Federated Framework for Heterogeneous Graph Neural Networks..pdf
fl on graph data and graph neural networks,2023,Graph-guided Personalization for Federated Recommendation.,preprint,https://arxiv.org/pdf/2305.07866.pdf,AwesomeFL_PDF/fl on graph data and graph neural networks/2023_Graph-guided Personalization for Federated Recommendation..pdf
fl on graph data and graph neural networks,2023,GraphGANFed: A Federated Generative Framework for Graph-Structured Molecules Towards Efficient Drug Discovery.,preprint,https://arxiv.org/pdf/2304.05498.pdf,AwesomeFL_PDF/fl on graph data and graph neural networks/2023_GraphGANFed: A Federated Generative Framework for Graph-Structured Molecules Towards Effic.pdf
fl on graph data and graph neural networks,2023,GLASU: A Communication-Efficient Algorithm for Federated Learning with Vertically Distributed Graph Data,preprint,https://arxiv.org/pdf/2303.09531.pdf,AwesomeFL_PDF/fl on graph data and graph neural networks/2023_GLASU: A Communication-Efficient Algorithm for Federated Learning with Vertically Distribu.pdf
fl on graph data and graph neural networks,2023,Vertical Federated Graph Neural Network for Recommender System,preprint,https://arxiv.org/pdf/2303.05786.pdf,AwesomeFL_PDF/fl on graph data and graph neural networks/2023_Vertical Federated Graph Neural Network for Recommender System.pdf
fl on graph data and graph neural networks,2023,Lumos: Heterogeneity-aware Federated Graph Learning over Decentralized Devices,preprint,https://arxiv.org/pdf/2303.00492.pdf,AwesomeFL_PDF/fl on graph data and graph neural networks/2023_Lumos: Heterogeneity-aware Federated Graph Learning over Decentralized Devices.pdf
fl on graph data and graph neural networks,2023,Securing IoT Communication using Physical Sensor Data - Graph Layer Security  with Federated Multi-Agent Deep Reinforcement Learning.,preprint,https://arxiv.org/pdf/2302.12592.pdf,AwesomeFL_PDF/fl on graph data and graph neural networks/2023_Securing IoT Communication using Physical Sensor Data - Graph Layer Security  with Federat.pdf
fl on graph data and graph neural networks,2023,Heterogeneous Federated Knowledge Graph Embedding Learning and Unlearning.,preprint,https://arxiv.org/pdf/2302.02069.pdf,AwesomeFL_PDF/fl on graph data and graph neural networks/2023_Heterogeneous Federated Knowledge Graph Embedding Learning and Unlearning..pdf
fl on graph data and graph neural networks,2023,Uplink Scheduling in Federated Learning: an Importance-Aware Approach via Graph Representation Learning,preprint,https://arxiv.org/pdf/2301.11903.pdf,AwesomeFL_PDF/fl on graph data and graph neural networks/2023_Uplink Scheduling in Federated Learning: an Importance-Aware Approach via Graph Representa.pdf
fl on graph data and graph neural networks,2022,Graph Federated Learning with Hidden Representation Sharing,preprint,https://arxiv.org/pdf/2212.12158.pdf,AwesomeFL_PDF/fl on graph data and graph neural networks/2022_Graph Federated Learning with Hidden Representation Sharing.pdf
fl on graph data and graph neural networks,2022,M3FGM:a node masking and multi-granularity message passing-based federated graph model for spatial-temporal data prediction,preprint,https://arxiv.org/pdf/2210.16193.pdf,AwesomeFL_PDF/fl on graph data and graph neural networks/2022_M3FGM:a node masking and multi-granularity message passing-based federated graph model for.pdf
fl on graph data and graph neural networks,2022,Federated Graph-based Networks with Shared Embedding,preprint,https://arxiv.org/pdf/2210.01803.pdf,AwesomeFL_PDF/fl on graph data and graph neural networks/2022_Federated Graph-based Networks with Shared Embedding.pdf
fl on graph data and graph neural networks,2022,Privacy-preserving Decentralized Federated Learning over Time-varying Communication Graph,preprint,https://arxiv.org/pdf/2210.00325.pdf,AwesomeFL_PDF/fl on graph data and graph neural networks/2022_Privacy-preserving Decentralized Federated Learning over Time-varying Communication Graph.pdf
fl on graph data and graph neural networks,2022,Heterogeneous Federated Learning on a Graph.,preprint,https://arxiv.org/pdf/2209.08737.pdf,AwesomeFL_PDF/fl on graph data and graph neural networks/2022_Heterogeneous Federated Learning on a Graph..pdf
fl on graph data and graph neural networks,2022,FedEgo: Privacy-preserving Personalized Federated Graph Learning with Ego-graphs,preprint,https://arxiv.org/pdf/2208.13685.pdf,AwesomeFL_PDF/fl on graph data and graph neural networks/2022_FedEgo: Privacy-preserving Personalized Federated Graph Learning with Ego-graphs.pdf
fl on graph data and graph neural networks,2022,Federated Graph Contrastive Learning,preprint,https://arxiv.org/pdf/2207.11836.pdf,AwesomeFL_PDF/fl on graph data and graph neural networks/2022_Federated Graph Contrastive Learning.pdf
fl on graph data and graph neural networks,2022,FD-GATDR: A Federated-Decentralized-Learning Graph Attention Network for Doctor Recommendation Using EHR,preprint,https://arxiv.org/pdf/2207.05750.pdf,AwesomeFL_PDF/fl on graph data and graph neural networks/2022_FD-GATDR: A Federated-Decentralized-Learning Graph Attention Network for Doctor Recommenda.pdf
fl on graph data and graph neural networks,2022,Privacy-preserving Graph Analytics: Secure Generation and Federated Learning,preprint,https://arxiv.org/pdf/2207.00048.pdf,AwesomeFL_PDF/fl on graph data and graph neural networks/2022_Privacy-preserving Graph Analytics: Secure Generation and Federated Learning.pdf
fl on graph data and graph neural networks,2022,Federated Graph Attention Network for Rumor Detection,preprint,https://arxiv.org/pdf/2206.05713.pdf,AwesomeFL_PDF/fl on graph data and graph neural networks/2022_Federated Graph Attention Network for Rumor Detection.pdf
fl on graph data and graph neural networks,2022,FedRel: An Adaptive Federated Relevance Framework for Spatial Temporal Graph Learning,preprint,https://arxiv.org/pdf/2206.03420.pdf,AwesomeFL_PDF/fl on graph data and graph neural networks/2022_FedRel: An Adaptive Federated Relevance Framework for Spatial Temporal Graph Learning.pdf
fl on graph data and graph neural networks,2022,Privatized Graph Federated Learning,preprint,https://arxiv.org/pdf/2203.07105.pdf,AwesomeFL_PDF/fl on graph data and graph neural networks/2022_Privatized Graph Federated Learning.pdf
fl on graph data and graph neural networks,2022,"Federated Graph Neural Networks: Overview, Techniques and Challenges **`surv.`**",preprint,https://arxiv.org/pdf/2202.07256.pdf,"AwesomeFL_PDF/fl on graph data and graph neural networks/2022_Federated Graph Neural Networks: Overview, Techniques and Challenges `surv.`.pdf"
fl on graph data and graph neural networks,2022,Federated Learning with Heterogeneous Architectures using Graph HyperNetworks,preprint,https://arxiv.org/pdf/2201.08459.pdf,AwesomeFL_PDF/fl on graph data and graph neural networks/2022_Federated Learning with Heterogeneous Architectures using Graph HyperNetworks.pdf
fl on graph data and graph neural networks,2021,STFL: A Temporal-Spatial Federated Learning Framework for Graph Neural Networks,preprint,https://arxiv.org/pdf/2111.06750.pdf,AwesomeFL_PDF/fl on graph data and graph neural networks/2021_STFL: A Temporal-Spatial Federated Learning Framework for Graph Neural Networks.pdf
fl on graph data and graph neural networks,2021,PPSGCN: A Privacy-Preserving Subgraph Sampling Based Distributed GCN Training Method,preprint,https://arxiv.org/pdf/2110.12906.pdf,AwesomeFL_PDF/fl on graph data and graph neural networks/2021_PPSGCN: A Privacy-Preserving Subgraph Sampling Based Distributed GCN Training Method.pdf
fl on graph data and graph neural networks,2021,Leveraging a Federation of Knowledge Graphs to Improve Faceted Search in Digital Libraries **`kg.`**,preprint,https://arxiv.org/pdf/2107.05447.pdf,AwesomeFL_PDF/fl on graph data and graph neural networks/2021_Leveraging a Federation of Knowledge Graphs to Improve Faceted Search in Digital Libraries.pdf
fl on graph data and graph neural networks,2021,Federated Myopic Community Detection with One-shot Communication,preprint,https://arxiv.org/pdf/2106.07255.pdf,AwesomeFL_PDF/fl on graph data and graph neural networks/2021_Federated Myopic Community Detection with One-shot Communication.pdf
fl on graph data and graph neural networks,2021,Federated Graph Learning -- A Position Paper **`surv.`**,preprint,https://arxiv.org/pdf/2105.11099.pdf,AwesomeFL_PDF/fl on graph data and graph neural networks/2021_Federated Graph Learning -- A Position Paper `surv.`.pdf
fl on graph data and graph neural networks,2021,A Vertical Federated Learning Framework for Graph Convolutional Network,preprint,https://arxiv.org/pdf/2106.11593.pdf,AwesomeFL_PDF/fl on graph data and graph neural networks/2021_A Vertical Federated Learning Framework for Graph Convolutional Network.pdf
fl on graph data and graph neural networks,2021,FedGL: Federated Graph Learning Framework with Global Self-Supervision,preprint,https://arxiv.org/pdf/2105.03170.pdf,AwesomeFL_PDF/fl on graph data and graph neural networks/2021_FedGL: Federated Graph Learning Framework with Global Self-Supervision.pdf
fl on graph data and graph neural networks,2021,FL-AGCNS: Federated Learning Framework for Automatic Graph Convolutional Network Search,preprint,https://arxiv.org/pdf/2104.04141.pdf,AwesomeFL_PDF/fl on graph data and graph neural networks/2021_FL-AGCNS: Federated Learning Framework for Automatic Graph Convolutional Network Search.pdf
fl on graph data and graph neural networks,2021,A New Look and Convergence Rate of Federated Multi-Task Learning with Laplacian Regularization,preprint,https://arxiv.org/pdf/2102.07148.pdf,AwesomeFL_PDF/fl on graph data and graph neural networks/2021_A New Look and Convergence Rate of Federated Multi-Task Learning with Laplacian Regulariza.pdf
fl on graph data and graph neural networks,2020,Improving Federated Relational Data Modeling via Basis Alignment and Weight Penalty **`kg.`**,preprint,https://arxiv.org/pdf/2011.11369.pdf,AwesomeFL_PDF/fl on graph data and graph neural networks/2020_Improving Federated Relational Data Modeling via Basis Alignment and Weight Penalty `kg.`.pdf
fl on graph data and graph neural networks,2020,GraphFederator: Federated Visual Analysis for Multi-party Graphs,preprint,https://arxiv.org/pdf/2008.11989.pdf,AwesomeFL_PDF/fl on graph data and graph neural networks/2020_GraphFederator: Federated Visual Analysis for Multi-party Graphs.pdf
fl on graph data and graph neural networks,2020,Privacy-Preserving Graph Neural Network for Node Classification,preprint,https://arxiv.org/pdf/2005.11903.pdf,AwesomeFL_PDF/fl on graph data and graph neural networks/2020_Privacy-Preserving Graph Neural Network for Node Classification.pdf
fl on graph data and graph neural networks,2019,Peer-to-peer federated learning on graphs,preprint,https://arxiv.org/pdf/1901.11173.pdf,AwesomeFL_PDF/fl on graph data and graph neural networks/2019_Peer-to-peer federated learning on graphs.pdf
fl on tabular data,2023,Incentive-boosted Federated Crowdsourcing,AAAI :mortar_board:,https://arxiv.org/pdf/2211.14439.pdf,AwesomeFL_PDF/fl on tabular data/2023_Incentive-boosted Federated Crowdsourcing.pdf
fl on tabular data,2023,Gradient-less Federated Gradient Boosting Trees with Learnable Learning Rates.,EuroMLSys,https://arxiv.org/pdf/2304.07537.pdf,AwesomeFL_PDF/fl on tabular data/2023_Gradient-less Federated Gradient Boosting Trees with Learnable Learning Rates..pdf
fl on tabular data,2022,OpBoost: A Vertical Federated Tree Boosting Framework Based on Order-Preserving Desensitization,Proc. VLDB Endow. :mortar_board:,https://arxiv.org/pdf/2210.01318.pdf,AwesomeFL_PDF/fl on tabular data/2022_OpBoost: A Vertical Federated Tree Boosting Framework Based on Order-Preserving Desensitiz.pdf
fl on tabular data,2022,RevFRF: Enabling Cross-Domain Random Forest Training With Revocable Federated Learning,IEEE Trans. Dependable Secur. Comput. :mortar_board:,https://arxiv.org/pdf/1911.03242.pdf,AwesomeFL_PDF/fl on tabular data/2022_RevFRF: Enabling Cross-Domain Random Forest Training With Revocable Federated Learning.pdf
fl on tabular data,2022,A Tree-based Model Averaging Approach for Personalized Treatment Effect Estimation from Heterogeneous Data Sources,ICML :mortar_board:,https://arxiv.org/pdf/2103.06261.pdf,AwesomeFL_PDF/fl on tabular data/2022_A Tree-based Model Averaging Approach for Personalized Treatment Effect Estimation from He.pdf
fl on tabular data,2022,Federated Boosted Decision Trees with Differential Privacy,CCS :mortar_board:,https://arxiv.org/pdf/2210.02910.pdf,AwesomeFL_PDF/fl on tabular data/2022_Federated Boosted Decision Trees with Differential Privacy.pdf
fl on tabular data,2022,Federated Functional Gradient Boosting,AISTATS :mortar_board:,https://arxiv.org/pdf/2103.06972.pdf,AwesomeFL_PDF/fl on tabular data/2022_Federated Functional Gradient Boosting.pdf
fl on tabular data,2022,Federated Learning for Tabular Data: Exploring Potential Risk to Privacy,ISSRE,https://arxiv.org/pdf/2210.06856.pdf,AwesomeFL_PDF/fl on tabular data/2022_Federated Learning for Tabular Data: Exploring Potential Risk to Privacy.pdf
fl on tabular data,2022,Federated Forest,TBD,https://arxiv.org/pdf/1905.10053.pdf,AwesomeFL_PDF/fl on tabular data/2022_Federated Forest.pdf
fl on tabular data,2022,Statistical Detection of Adversarial examples in Blockchain-based Federated Forest In-vehicle Network Intrusion Detection Systems,IEEE Access,https://arxiv.org/pdf/2207.04843.pdf,AwesomeFL_PDF/fl on tabular data/2022_Statistical Detection of Adversarial examples in Blockchain-based Federated Forest In-vehi.pdf
fl on tabular data,2022,An Efficient Learning Framework for Federated XGBoost Using Secret Sharing and Distributed Optimization,ACM Trans. Intell. Syst. Technol.,https://arxiv.org/pdf/2105.05717.pdf,AwesomeFL_PDF/fl on tabular data/2022_An Efficient Learning Framework for Federated XGBoost Using Secret Sharing and Distributed.pdf
fl on tabular data,2021,SecureBoost: A Lossless Federated Learning Framework :fire:,IEEE Intell. Syst.,https://arxiv.org/pdf/1901.08755.pdf,AwesomeFL_PDF/fl on tabular data/2021_SecureBoost: A Lossless Federated Learning Framework :fire:.pdf
fl on tabular data,2021,Fed-EINI: An Efficient and Interpretable Inference Framework for Decision Tree Ensembles in Vertical Federated Learning,IEEE BigData,https://arxiv.org/pdf/2105.09540.pdf,AwesomeFL_PDF/fl on tabular data/2021_Fed-EINI: An Efficient and Interpretable Inference Framework for Decision Tree Ensembles i.pdf
fl on tabular data,2021,Compression Boosts Differentially Private Federated Learning,EuroS&P,https://arxiv.org/pdf/2011.05578.pdf,AwesomeFL_PDF/fl on tabular data/2021_Compression Boosts Differentially Private Federated Learning.pdf
fl on tabular data,2020,Practical Federated Gradient Boosting Decision Trees,AAAI :mortar_board:,https://arxiv.org/pdf/1911.04206.pdf,AwesomeFL_PDF/fl on tabular data/2020_Practical Federated Gradient Boosting Decision Trees.pdf
fl on tabular data,2020,Privacy Preserving Vertical Federated Learning for Tree-based Models,VLDB :mortar_board:,https://arxiv.org/pdf/2008.06170.pdf,AwesomeFL_PDF/fl on tabular data/2020_Privacy Preserving Vertical Federated Learning for Tree-based Models.pdf
fl on tabular data,2020,Boosting Privately: Federated Extreme Gradient Boosting for Mobile Crowdsensing,ICDCS,https://arxiv.org/pdf/1907.10218.pdf,AwesomeFL_PDF/fl on tabular data/2020_Boosting Privately: Federated Extreme Gradient Boosting for Mobile Crowdsensing.pdf
fl on tabular data,2020,FedCluster: Boosting the Convergence of Federated Learning via Cluster-Cycling,IEEE BigData,https://arxiv.org/pdf/2009.10748.pdf,AwesomeFL_PDF/fl on tabular data/2020_FedCluster: Boosting the Convergence of Federated Learning via Cluster-Cycling.pdf
fl on tabular data,2023,Privet: A Privacy-Preserving Vertical Federated Learning Service for Gradient Boosted Decision Tables.,preprint,https://arxiv.org/pdf/2305.12652.pdf,AwesomeFL_PDF/fl on tabular data/2023_Privet: A Privacy-Preserving Vertical Federated Learning Service for Gradient Boosted Deci.pdf
fl on tabular data,2023,V2X-Boosted Federated Learning for Cooperative Intelligent Transportation Systems with Contextual Client Selection.,preprint,https://arxiv.org/pdf/2305.11654.pdf,AwesomeFL_PDF/fl on tabular data/2023_V2X-Boosted Federated Learning for Cooperative Intelligent Transportation Systems with Con.pdf
fl on tabular data,2023,GTV: Generating Tabular Data via Vertical Federated Learning,preprint,https://arxiv.org/pdf/2302.01706.pdf,AwesomeFL_PDF/fl on tabular data/2023_GTV: Generating Tabular Data via Vertical Federated Learning.pdf
fl on tabular data,2023,Federated Survival Forests,preprint,https://arxiv.org/pdf/2302.02807.pdf,AwesomeFL_PDF/fl on tabular data/2023_Federated Survival Forests.pdf
fl on tabular data,2022,Fed-TDA: Federated Tabular Data Augmentation on Non-IID Data,preprint,https://arxiv.org/pdf/2211.13116.pdf,AwesomeFL_PDF/fl on tabular data/2022_Fed-TDA: Federated Tabular Data Augmentation on Non-IID Data.pdf
fl on tabular data,2022,Data Leakage in Tabular Federated Learning,preprint,https://arxiv.org/pdf/2210.01785.pdf,AwesomeFL_PDF/fl on tabular data/2022_Data Leakage in Tabular Federated Learning.pdf
fl on tabular data,2022,Boost Decentralized Federated Learning in Vehicular Networks by Diversifying Data Sources,preprint,https://arxiv.org/pdf/2209.01750.pdf,AwesomeFL_PDF/fl on tabular data/2022_Boost Decentralized Federated Learning in Vehicular Networks by Diversifying Data Sources.pdf
fl on tabular data,2022,Federated XGBoost on Sample-Wise Non-IID Data,preprint,https://arxiv.org/pdf/2209.01340.pdf,AwesomeFL_PDF/fl on tabular data/2022_Federated XGBoost on Sample-Wise Non-IID Data.pdf
fl on tabular data,2022,Hercules: Boosting the Performance of Privacy-preserving Federated Learning,preprint,https://arxiv.org/pdf/2207.04620.pdf,AwesomeFL_PDF/fl on tabular data/2022_Hercules: Boosting the Performance of Privacy-preserving Federated Learning.pdf
fl on tabular data,2022,FedGBF: An efficient vertical federated learning framework via gradient boosting and bagging,preprint,https://arxiv.org/pdf/2204.00976.pdf,AwesomeFL_PDF/fl on tabular data/2022_FedGBF: An efficient vertical federated learning framework via gradient boosting and baggi.pdf
fl on tabular data,2022,A Fair and Efficient Hybrid Federated Learning Framework based on XGBoost for Distributed Power Prediction.,preprint,https://arxiv.org/pdf/2201.02783.pdf,AwesomeFL_PDF/fl on tabular data/2022_A Fair and Efficient Hybrid Federated Learning Framework based on XGBoost for Distributed .pdf
fl on tabular data,2022,An Efficient and Robust System for Vertically Federated Random Forest,preprint,https://arxiv.org/pdf/2201.10761.pdf,AwesomeFL_PDF/fl on tabular data/2022_An Efficient and Robust System for Vertically Federated Random Forest.pdf
fl on tabular data,2021,Efficient Batch Homomorphic Encryption for Vertically Federated XGBoost.,preprint,https://arxiv.org/pdf/2112.04261.pdf,AwesomeFL_PDF/fl on tabular data/2021_Efficient Batch Homomorphic Encryption for Vertically Federated XGBoost..pdf
fl on tabular data,2021,Guess what? You can boost Federated Learning for free,preprint,https://arxiv.org/pdf/2110.11486.pdf,AwesomeFL_PDF/fl on tabular data/2021_Guess what You can boost Federated Learning for free.pdf
fl on tabular data,2021,SecureBoost+ : A High Performance Gradient Boosting Tree Framework for Large Scale Vertical Federated Learning :fire:,preprint,https://arxiv.org/pdf/2110.10927.pdf,AwesomeFL_PDF/fl on tabular data/2021_SecureBoost+ : A High Performance Gradient Boosting Tree Framework for Large Scale Vertica.pdf
fl on tabular data,2021,Fed-TGAN: Federated Learning Framework for Synthesizing Tabular Data,preprint,https://arxiv.org/pdf/2108.07927.pdf,AwesomeFL_PDF/fl on tabular data/2021_Fed-TGAN: Federated Learning Framework for Synthesizing Tabular Data.pdf
fl on tabular data,2021,FedXGBoost: Privacy-Preserving XGBoost for Federated Learning,preprint,https://arxiv.org/pdf/2106.10662.pdf,AwesomeFL_PDF/fl on tabular data/2021_FedXGBoost: Privacy-Preserving XGBoost for Federated Learning.pdf
fl on tabular data,2020,Adaptive Histogram-Based Gradient Boosted Trees for Federated Learning,preprint,https://arxiv.org/pdf/2012.06670.pdf,AwesomeFL_PDF/fl on tabular data/2020_Adaptive Histogram-Based Gradient Boosted Trees for Federated Learning.pdf
fl on tabular data,2020,FederBoost: Private Federated Learning for GBDT,preprint,https://arxiv.org/pdf/2011.02796.pdf,AwesomeFL_PDF/fl on tabular data/2020_FederBoost: Private Federated Learning for GBDT.pdf
fl on tabular data,2020,Privacy Preserving Text Recognition with Gradient-Boosting for Federated Learning,preprint,https://arxiv.org/pdf/2007.07296.pdf,AwesomeFL_PDF/fl on tabular data/2020_Privacy Preserving Text Recognition with Gradient-Boosting for Federated Learning.pdf
fl on tabular data,2020,Federated Extra-Trees with Privacy Preserving,preprint,https://arxiv.org/pdf/2002.07323.pdf.pdf,AwesomeFL_PDF/fl on tabular data/2020_Federated Extra-Trees with Privacy Preserving.pdf
fl on tabular data,2019,Bandwidth Slicing to Boost Federated Learning in Edge Computing,preprint,https://arxiv.org/pdf/1911.07615.pdf,AwesomeFL_PDF/fl on tabular data/2019_Bandwidth Slicing to Boost Federated Learning in Edge Computing.pdf
fl on tabular data,2019,Revocable Federated Learning: A Benchmark of Federated Forest,preprint,https://arxiv.org/pdf/1911.03242.pdf,AwesomeFL_PDF/fl on tabular data/2019_Revocable Federated Learning: A Benchmark of Federated Forest.pdf
fl on tabular data,2019,The Tradeoff Between Privacy and Accuracy in Anomaly Detection Using Federated XGBoost,preprint,https://arxiv.org/pdf/1907.07157.pdf,AwesomeFL_PDF/fl on tabular data/2019_The Tradeoff Between Privacy and Accuracy in Anomaly Detection Using Federated XGBoost.pdf
